mode: set
netguard-pg-backend/internal/infrastructure/repositories/pg/internal/utils/shared.go:18.85,19.37 1 0
netguard-pg-backend/internal/infrastructure/repositories/pg/internal/utils/shared.go:19.37,21.3 1 0
netguard-pg-backend/internal/infrastructure/repositories/pg/internal/utils/shared.go:23.2,23.27 1 0
netguard-pg-backend/internal/infrastructure/repositories/pg/internal/utils/shared.go:24.37,25.30 1 0
netguard-pg-backend/internal/infrastructure/repositories/pg/internal/utils/shared.go:25.30,27.4 1 0
netguard-pg-backend/internal/infrastructure/repositories/pg/internal/utils/shared.go:30.3,34.36 4 0
netguard-pg-backend/internal/infrastructure/repositories/pg/internal/utils/shared.go:34.36,35.21 1 0
netguard-pg-backend/internal/infrastructure/repositories/pg/internal/utils/shared.go:35.21,41.5 4 0
netguard-pg-backend/internal/infrastructure/repositories/pg/internal/utils/shared.go:41.10,48.5 4 0
netguard-pg-backend/internal/infrastructure/repositories/pg/internal/utils/shared.go:51.3,51.60 1 0
netguard-pg-backend/internal/infrastructure/repositories/pg/internal/utils/shared.go:53.10,54.17 1 0
netguard-pg-backend/internal/infrastructure/repositories/pg/internal/utils/shared.go:59.94,63.19 3 0
netguard-pg-backend/internal/infrastructure/repositories/pg/internal/utils/shared.go:63.19,65.17 2 0
netguard-pg-backend/internal/infrastructure/repositories/pg/internal/utils/shared.go:65.17,67.4 1 0
netguard-pg-backend/internal/infrastructure/repositories/pg/internal/utils/shared.go:68.8,70.3 1 0
netguard-pg-backend/internal/infrastructure/repositories/pg/internal/utils/shared.go:72.2,72.24 1 0
netguard-pg-backend/internal/infrastructure/repositories/pg/internal/utils/shared.go:72.24,74.17 2 0
netguard-pg-backend/internal/infrastructure/repositories/pg/internal/utils/shared.go:74.17,76.4 1 0
netguard-pg-backend/internal/infrastructure/repositories/pg/internal/utils/shared.go:77.8,79.3 1 0
netguard-pg-backend/internal/infrastructure/repositories/pg/internal/utils/shared.go:81.2,81.41 1 0
netguard-pg-backend/internal/infrastructure/repositories/pg/internal/utils/shared.go:85.115,88.25 2 0
netguard-pg-backend/internal/infrastructure/repositories/pg/internal/utils/shared.go:88.25,89.61 1 0
netguard-pg-backend/internal/infrastructure/repositories/pg/internal/utils/shared.go:89.61,91.4 1 0
netguard-pg-backend/internal/infrastructure/repositories/pg/internal/utils/shared.go:94.2,94.30 1 0
netguard-pg-backend/internal/infrastructure/repositories/pg/internal/utils/shared.go:94.30,95.71 1 0
netguard-pg-backend/internal/infrastructure/repositories/pg/internal/utils/shared.go:95.71,97.4 1 0
netguard-pg-backend/internal/infrastructure/repositories/pg/internal/utils/shared.go:100.2,100.33 1 0
netguard-pg-backend/internal/infrastructure/repositories/pg/internal/utils/shared.go:104.164,111.16 3 0
netguard-pg-backend/internal/infrastructure/repositories/pg/internal/utils/shared.go:111.16,113.3 1 0
netguard-pg-backend/internal/infrastructure/repositories/pg/internal/utils/shared.go:114.2,118.29 3 0
netguard-pg-backend/internal/infrastructure/repositories/pg/internal/utils/shared.go:118.29,120.69 2 0
netguard-pg-backend/internal/infrastructure/repositories/pg/internal/utils/shared.go:120.69,122.4 1 0
netguard-pg-backend/internal/infrastructure/repositories/pg/internal/utils/shared.go:123.3,123.31 1 0
netguard-pg-backend/internal/infrastructure/repositories/pg/internal/utils/shared.go:126.2,128.18 2 0
netguard-pg-backend/internal/infrastructure/repositories/pg/internal/utils/shared.go:132.79,133.32 1 0
netguard-pg-backend/internal/infrastructure/repositories/pg/internal/utils/shared.go:133.32,135.3 1 0
netguard-pg-backend/internal/infrastructure/repositories/pg/internal/utils/shared.go:137.2,143.65 2 0
netguard-pg-backend/internal/infrastructure/repositories/pg/internal/utils/shared.go:143.65,145.3 1 0
netguard-pg-backend/internal/infrastructure/repositories/pg/internal/utils/shared.go:147.2,148.26 2 0
netguard-pg-backend/internal/infrastructure/repositories/pg/internal/utils/shared.go:148.26,154.3 1 0
netguard-pg-backend/internal/infrastructure/repositories/pg/internal/utils/shared.go:156.2,156.20 1 0
netguard-pg-backend/internal/infrastructure/repositories/pg/internal/utils/shared.go:160.70,161.21 1 0
netguard-pg-backend/internal/infrastructure/repositories/pg/internal/utils/shared.go:161.21,163.3 1 0
netguard-pg-backend/internal/infrastructure/repositories/pg/internal/utils/shared.go:165.2,166.26 2 0
netguard-pg-backend/internal/infrastructure/repositories/pg/internal/utils/shared.go:166.26,172.3 1 0
netguard-pg-backend/internal/infrastructure/repositories/pg/internal/utils/shared.go:174.2,174.32 1 0
netguard-pg-backend/internal/infrastructure/repositories/pg/internal/utils/shared.go:178.79,179.32 1 0
netguard-pg-backend/internal/infrastructure/repositories/pg/internal/utils/shared.go:179.32,181.3 1 0
netguard-pg-backend/internal/infrastructure/repositories/pg/internal/utils/shared.go:183.2,184.65 2 0
netguard-pg-backend/internal/infrastructure/repositories/pg/internal/utils/shared.go:184.65,186.3 1 0
netguard-pg-backend/internal/infrastructure/repositories/pg/internal/utils/shared.go:188.2,188.19 1 0
netguard-pg-backend/internal/infrastructure/repositories/pg/internal/utils/shared.go:192.70,193.21 1 0
netguard-pg-backend/internal/infrastructure/repositories/pg/internal/utils/shared.go:193.21,195.3 1 0
netguard-pg-backend/internal/infrastructure/repositories/pg/internal/utils/shared.go:197.2,197.28 1 0
netguard-pg-backend/internal/infrastructure/repositories/pg/internal/utils/shared.go:201.96,202.27 1 0
netguard-pg-backend/internal/infrastructure/repositories/pg/internal/utils/shared.go:202.27,204.3 1 0
netguard-pg-backend/internal/infrastructure/repositories/pg/internal/utils/shared.go:207.2,208.52 2 0
netguard-pg-backend/internal/infrastructure/repositories/pg/internal/utils/shared.go:208.52,212.3 2 0
netguard-pg-backend/internal/infrastructure/repositories/pg/internal/utils/shared.go:214.2,214.30 1 0
netguard-pg-backend/internal/infrastructure/repositories/pg/internal/utils/shared.go:218.102,219.31 1 0
netguard-pg-backend/internal/infrastructure/repositories/pg/internal/utils/shared.go:219.31,221.3 1 0
netguard-pg-backend/internal/infrastructure/repositories/pg/internal/utils/shared.go:224.2,225.65 2 0
netguard-pg-backend/internal/infrastructure/repositories/pg/internal/utils/shared.go:225.65,227.3 1 0
netguard-pg-backend/internal/infrastructure/repositories/pg/internal/utils/shared.go:229.2,230.33 2 0
netguard-pg-backend/internal/infrastructure/repositories/pg/internal/utils/shared.go:230.33,233.22 2 0
netguard-pg-backend/internal/infrastructure/repositories/pg/internal/utils/shared.go:233.22,235.4 1 0
netguard-pg-backend/internal/infrastructure/repositories/pg/internal/utils/shared.go:237.3,241.17 3 0
netguard-pg-backend/internal/infrastructure/repositories/pg/internal/utils/shared.go:241.17,243.4 1 0
netguard-pg-backend/internal/infrastructure/repositories/pg/internal/utils/shared.go:245.3,246.67 2 0
netguard-pg-backend/internal/infrastructure/repositories/pg/internal/utils/shared.go:246.67,248.4 1 0
netguard-pg-backend/internal/infrastructure/repositories/pg/internal/utils/shared.go:250.3,250.36 1 0
netguard-pg-backend/internal/infrastructure/repositories/pg/internal/utils/shared.go:253.2,253.20 1 0
netguard-pg-backend/internal/infrastructure/repositories/pg/readers/address_group.go:18.123,31.23 4 0
netguard-pg-backend/internal/infrastructure/repositories/pg/readers/address_group.go:31.23,33.3 1 0
netguard-pg-backend/internal/infrastructure/repositories/pg/readers/address_group.go:33.8,35.3 1 0
netguard-pg-backend/internal/infrastructure/repositories/pg/readers/address_group.go:37.2,40.16 3 0
netguard-pg-backend/internal/infrastructure/repositories/pg/readers/address_group.go:40.16,42.3 1 0
netguard-pg-backend/internal/infrastructure/repositories/pg/readers/address_group.go:43.2,45.18 2 0
netguard-pg-backend/internal/infrastructure/repositories/pg/readers/address_group.go:45.18,47.17 2 0
netguard-pg-backend/internal/infrastructure/repositories/pg/readers/address_group.go:47.17,49.4 1 0
netguard-pg-backend/internal/infrastructure/repositories/pg/readers/address_group.go:51.3,51.47 1 0
netguard-pg-backend/internal/infrastructure/repositories/pg/readers/address_group.go:51.47,53.4 1 0
netguard-pg-backend/internal/infrastructure/repositories/pg/readers/address_group.go:56.2,56.19 1 0
netguard-pg-backend/internal/infrastructure/repositories/pg/readers/address_group.go:60.119,72.16 4 0
netguard-pg-backend/internal/infrastructure/repositories/pg/readers/address_group.go:72.16,73.36 1 0
netguard-pg-backend/internal/infrastructure/repositories/pg/readers/address_group.go:73.36,75.4 1 0
netguard-pg-backend/internal/infrastructure/repositories/pg/readers/address_group.go:76.3,76.63 1 0
netguard-pg-backend/internal/infrastructure/repositories/pg/readers/address_group.go:79.2,79.26 1 0
netguard-pg-backend/internal/infrastructure/repositories/pg/readers/address_group.go:83.79,107.16 7 0
netguard-pg-backend/internal/infrastructure/repositories/pg/readers/address_group.go:107.16,109.3 1 0
netguard-pg-backend/internal/infrastructure/repositories/pg/readers/address_group.go:112.2,112.27 1 0
netguard-pg-backend/internal/infrastructure/repositories/pg/readers/address_group.go:112.27,113.78 1 0
netguard-pg-backend/internal/infrastructure/repositories/pg/readers/address_group.go:113.78,115.4 1 0
netguard-pg-backend/internal/infrastructure/repositories/pg/readers/address_group.go:117.3,117.40 1 0
netguard-pg-backend/internal/infrastructure/repositories/pg/readers/address_group.go:117.40,118.43 1 0
netguard-pg-backend/internal/infrastructure/repositories/pg/readers/address_group.go:118.43,120.5 1 0
netguard-pg-backend/internal/infrastructure/repositories/pg/readers/address_group.go:121.4,121.49 1 0
netguard-pg-backend/internal/infrastructure/repositories/pg/readers/address_group.go:121.49,123.5 1 0
netguard-pg-backend/internal/infrastructure/repositories/pg/readers/address_group.go:127.2,127.24 1 0
netguard-pg-backend/internal/infrastructure/repositories/pg/readers/address_group.go:127.24,128.72 1 0
netguard-pg-backend/internal/infrastructure/repositories/pg/readers/address_group.go:128.72,130.4 1 0
netguard-pg-backend/internal/infrastructure/repositories/pg/readers/address_group.go:133.2,133.34 1 0
netguard-pg-backend/internal/infrastructure/repositories/pg/readers/address_group.go:133.34,134.92 1 0
netguard-pg-backend/internal/infrastructure/repositories/pg/readers/address_group.go:134.92,136.4 1 0
netguard-pg-backend/internal/infrastructure/repositories/pg/readers/address_group.go:140.2,141.16 2 0
netguard-pg-backend/internal/infrastructure/repositories/pg/readers/address_group.go:141.16,143.3 1 0
netguard-pg-backend/internal/infrastructure/repositories/pg/readers/address_group.go:146.2,148.34 2 0
netguard-pg-backend/internal/infrastructure/repositories/pg/readers/address_group.go:148.34,150.3 1 0
netguard-pg-backend/internal/infrastructure/repositories/pg/readers/address_group.go:150.8,152.3 1 0
netguard-pg-backend/internal/infrastructure/repositories/pg/readers/address_group.go:154.2,154.26 1 0
netguard-pg-backend/internal/infrastructure/repositories/pg/readers/address_group.go:158.81,182.16 7 0
netguard-pg-backend/internal/infrastructure/repositories/pg/readers/address_group.go:182.16,184.3 1 0
netguard-pg-backend/internal/infrastructure/repositories/pg/readers/address_group.go:187.2,187.27 1 0
netguard-pg-backend/internal/infrastructure/repositories/pg/readers/address_group.go:187.27,188.78 1 0
netguard-pg-backend/internal/infrastructure/repositories/pg/readers/address_group.go:188.78,190.4 1 0
netguard-pg-backend/internal/infrastructure/repositories/pg/readers/address_group.go:192.3,192.40 1 0
netguard-pg-backend/internal/infrastructure/repositories/pg/readers/address_group.go:192.40,193.43 1 0
netguard-pg-backend/internal/infrastructure/repositories/pg/readers/address_group.go:193.43,195.5 1 0
netguard-pg-backend/internal/infrastructure/repositories/pg/readers/address_group.go:196.4,196.49 1 0
netguard-pg-backend/internal/infrastructure/repositories/pg/readers/address_group.go:196.49,198.5 1 0
netguard-pg-backend/internal/infrastructure/repositories/pg/readers/address_group.go:202.2,202.24 1 0
netguard-pg-backend/internal/infrastructure/repositories/pg/readers/address_group.go:202.24,203.72 1 0
netguard-pg-backend/internal/infrastructure/repositories/pg/readers/address_group.go:203.72,205.4 1 0
netguard-pg-backend/internal/infrastructure/repositories/pg/readers/address_group.go:208.2,208.34 1 0
netguard-pg-backend/internal/infrastructure/repositories/pg/readers/address_group.go:208.34,209.92 1 0
netguard-pg-backend/internal/infrastructure/repositories/pg/readers/address_group.go:209.92,211.4 1 0
netguard-pg-backend/internal/infrastructure/repositories/pg/readers/address_group.go:215.2,216.16 2 0
netguard-pg-backend/internal/infrastructure/repositories/pg/readers/address_group.go:216.16,218.3 1 0
netguard-pg-backend/internal/infrastructure/repositories/pg/readers/address_group.go:221.2,223.34 2 0
netguard-pg-backend/internal/infrastructure/repositories/pg/readers/address_group.go:223.34,225.3 1 0
netguard-pg-backend/internal/infrastructure/repositories/pg/readers/address_group.go:225.8,227.3 1 0
netguard-pg-backend/internal/infrastructure/repositories/pg/readers/address_group.go:229.2,229.27 1 0
netguard-pg-backend/internal/infrastructure/repositories/pg/readers/address_group_binding.go:18.137,32.23 4 0
netguard-pg-backend/internal/infrastructure/repositories/pg/readers/address_group_binding.go:32.23,34.3 1 0
netguard-pg-backend/internal/infrastructure/repositories/pg/readers/address_group_binding.go:34.8,36.3 1 0
netguard-pg-backend/internal/infrastructure/repositories/pg/readers/address_group_binding.go:38.2,43.52 5 0
netguard-pg-backend/internal/infrastructure/repositories/pg/readers/address_group_binding.go:43.52,45.17 2 0
netguard-pg-backend/internal/infrastructure/repositories/pg/readers/address_group_binding.go:45.17,46.9 1 0
netguard-pg-backend/internal/infrastructure/repositories/pg/readers/address_group_binding.go:49.3,49.75 1 0
netguard-pg-backend/internal/infrastructure/repositories/pg/readers/address_group_binding.go:49.75,51.12 2 0
netguard-pg-backend/internal/infrastructure/repositories/pg/readers/address_group_binding.go:54.3,54.68 1 0
netguard-pg-backend/internal/infrastructure/repositories/pg/readers/address_group_binding.go:56.2,58.18 2 0
netguard-pg-backend/internal/infrastructure/repositories/pg/readers/address_group_binding.go:58.18,60.17 2 0
netguard-pg-backend/internal/infrastructure/repositories/pg/readers/address_group_binding.go:60.17,62.4 1 0
netguard-pg-backend/internal/infrastructure/repositories/pg/readers/address_group_binding.go:64.3,64.42 1 0
netguard-pg-backend/internal/infrastructure/repositories/pg/readers/address_group_binding.go:64.42,66.4 1 0
netguard-pg-backend/internal/infrastructure/repositories/pg/readers/address_group_binding.go:69.2,69.19 1 0
netguard-pg-backend/internal/infrastructure/repositories/pg/readers/address_group_binding.go:73.133,86.16 4 0
netguard-pg-backend/internal/infrastructure/repositories/pg/readers/address_group_binding.go:86.16,87.36 1 0
netguard-pg-backend/internal/infrastructure/repositories/pg/readers/address_group_binding.go:87.36,89.4 1 0
netguard-pg-backend/internal/infrastructure/repositories/pg/readers/address_group_binding.go:90.3,90.71 1 0
netguard-pg-backend/internal/infrastructure/repositories/pg/readers/address_group_binding.go:93.2,93.21 1 0
netguard-pg-backend/internal/infrastructure/repositories/pg/readers/address_group_binding.go:97.93,119.16 8 0
netguard-pg-backend/internal/infrastructure/repositories/pg/readers/address_group_binding.go:119.16,121.3 1 0
netguard-pg-backend/internal/infrastructure/repositories/pg/readers/address_group_binding.go:124.2,125.16 2 0
netguard-pg-backend/internal/infrastructure/repositories/pg/readers/address_group_binding.go:125.16,127.3 1 0
netguard-pg-backend/internal/infrastructure/repositories/pg/readers/address_group_binding.go:130.2,136.21 4 0
netguard-pg-backend/internal/infrastructure/repositories/pg/readers/address_group_binding.go:140.95,162.16 8 0
netguard-pg-backend/internal/infrastructure/repositories/pg/readers/address_group_binding.go:162.16,164.3 1 0
netguard-pg-backend/internal/infrastructure/repositories/pg/readers/address_group_binding.go:167.2,168.16 2 0
netguard-pg-backend/internal/infrastructure/repositories/pg/readers/address_group_binding.go:168.16,170.3 1 0
netguard-pg-backend/internal/infrastructure/repositories/pg/readers/address_group_binding.go:173.2,179.22 4 0
netguard-pg-backend/internal/infrastructure/repositories/pg/readers/address_group_binding_policy.go:18.150,31.23 4 0
netguard-pg-backend/internal/infrastructure/repositories/pg/readers/address_group_binding_policy.go:31.23,33.3 1 0
netguard-pg-backend/internal/infrastructure/repositories/pg/readers/address_group_binding_policy.go:33.8,35.3 1 0
netguard-pg-backend/internal/infrastructure/repositories/pg/readers/address_group_binding_policy.go:37.2,40.16 3 0
netguard-pg-backend/internal/infrastructure/repositories/pg/readers/address_group_binding_policy.go:40.16,42.3 1 0
netguard-pg-backend/internal/infrastructure/repositories/pg/readers/address_group_binding_policy.go:43.2,45.18 2 0
netguard-pg-backend/internal/infrastructure/repositories/pg/readers/address_group_binding_policy.go:45.18,47.17 2 0
netguard-pg-backend/internal/infrastructure/repositories/pg/readers/address_group_binding_policy.go:47.17,49.4 1 0
netguard-pg-backend/internal/infrastructure/repositories/pg/readers/address_group_binding_policy.go:51.3,51.41 1 0
netguard-pg-backend/internal/infrastructure/repositories/pg/readers/address_group_binding_policy.go:51.41,53.4 1 0
netguard-pg-backend/internal/infrastructure/repositories/pg/readers/address_group_binding_policy.go:56.2,56.19 1 0
netguard-pg-backend/internal/infrastructure/repositories/pg/readers/address_group_binding_policy.go:60.145,72.16 4 0
netguard-pg-backend/internal/infrastructure/repositories/pg/readers/address_group_binding_policy.go:72.16,73.36 1 0
netguard-pg-backend/internal/infrastructure/repositories/pg/readers/address_group_binding_policy.go:73.36,75.4 1 0
netguard-pg-backend/internal/infrastructure/repositories/pg/readers/address_group_binding_policy.go:76.3,76.78 1 0
netguard-pg-backend/internal/infrastructure/repositories/pg/readers/address_group_binding_policy.go:79.2,79.20 1 0
netguard-pg-backend/internal/infrastructure/repositories/pg/readers/address_group_binding_policy.go:83.105,105.16 8 0
netguard-pg-backend/internal/infrastructure/repositories/pg/readers/address_group_binding_policy.go:105.16,107.3 1 0
netguard-pg-backend/internal/infrastructure/repositories/pg/readers/address_group_binding_policy.go:110.2,111.16 2 0
netguard-pg-backend/internal/infrastructure/repositories/pg/readers/address_group_binding_policy.go:111.16,113.3 1 0
netguard-pg-backend/internal/infrastructure/repositories/pg/readers/address_group_binding_policy.go:116.2,119.34 2 0
netguard-pg-backend/internal/infrastructure/repositories/pg/readers/address_group_binding_policy.go:119.34,120.86 1 0
netguard-pg-backend/internal/infrastructure/repositories/pg/readers/address_group_binding_policy.go:120.86,122.4 1 0
netguard-pg-backend/internal/infrastructure/repositories/pg/readers/address_group_binding_policy.go:125.2,125.29 1 0
netguard-pg-backend/internal/infrastructure/repositories/pg/readers/address_group_binding_policy.go:125.29,126.76 1 0
netguard-pg-backend/internal/infrastructure/repositories/pg/readers/address_group_binding_policy.go:126.76,128.4 1 0
netguard-pg-backend/internal/infrastructure/repositories/pg/readers/address_group_binding_policy.go:131.2,131.20 1 0
netguard-pg-backend/internal/infrastructure/repositories/pg/readers/address_group_binding_policy.go:135.107,157.16 8 0
netguard-pg-backend/internal/infrastructure/repositories/pg/readers/address_group_binding_policy.go:157.16,159.3 1 0
netguard-pg-backend/internal/infrastructure/repositories/pg/readers/address_group_binding_policy.go:162.2,163.16 2 0
netguard-pg-backend/internal/infrastructure/repositories/pg/readers/address_group_binding_policy.go:163.16,165.3 1 0
netguard-pg-backend/internal/infrastructure/repositories/pg/readers/address_group_binding_policy.go:168.2,171.34 2 0
netguard-pg-backend/internal/infrastructure/repositories/pg/readers/address_group_binding_policy.go:171.34,172.86 1 0
netguard-pg-backend/internal/infrastructure/repositories/pg/readers/address_group_binding_policy.go:172.86,174.4 1 0
netguard-pg-backend/internal/infrastructure/repositories/pg/readers/address_group_binding_policy.go:177.2,177.29 1 0
netguard-pg-backend/internal/infrastructure/repositories/pg/readers/address_group_binding_policy.go:177.29,178.76 1 0
netguard-pg-backend/internal/infrastructure/repositories/pg/readers/address_group_binding_policy.go:178.76,180.4 1 0
netguard-pg-backend/internal/infrastructure/repositories/pg/readers/address_group_binding_policy.go:183.2,183.21 1 0
netguard-pg-backend/internal/infrastructure/repositories/pg/readers/address_group_port_mapping.go:17.145,30.23 4 0
netguard-pg-backend/internal/infrastructure/repositories/pg/readers/address_group_port_mapping.go:30.23,32.3 1 0
netguard-pg-backend/internal/infrastructure/repositories/pg/readers/address_group_port_mapping.go:32.8,34.3 1 0
netguard-pg-backend/internal/infrastructure/repositories/pg/readers/address_group_port_mapping.go:36.2,39.16 3 0
netguard-pg-backend/internal/infrastructure/repositories/pg/readers/address_group_port_mapping.go:39.16,41.3 1 0
netguard-pg-backend/internal/infrastructure/repositories/pg/readers/address_group_port_mapping.go:42.2,44.18 2 0
netguard-pg-backend/internal/infrastructure/repositories/pg/readers/address_group_port_mapping.go:44.18,46.17 2 0
netguard-pg-backend/internal/infrastructure/repositories/pg/readers/address_group_port_mapping.go:46.17,48.4 1 0
netguard-pg-backend/internal/infrastructure/repositories/pg/readers/address_group_port_mapping.go:50.3,50.42 1 0
netguard-pg-backend/internal/infrastructure/repositories/pg/readers/address_group_port_mapping.go:50.42,52.4 1 0
netguard-pg-backend/internal/infrastructure/repositories/pg/readers/address_group_port_mapping.go:55.2,55.19 1 0
netguard-pg-backend/internal/infrastructure/repositories/pg/readers/address_group_port_mapping.go:59.141,71.16 4 0
netguard-pg-backend/internal/infrastructure/repositories/pg/readers/address_group_port_mapping.go:71.16,72.36 1 0
netguard-pg-backend/internal/infrastructure/repositories/pg/readers/address_group_port_mapping.go:72.36,74.4 1 0
netguard-pg-backend/internal/infrastructure/repositories/pg/readers/address_group_port_mapping.go:75.3,75.76 1 0
netguard-pg-backend/internal/infrastructure/repositories/pg/readers/address_group_port_mapping.go:78.2,78.21 1 0
netguard-pg-backend/internal/infrastructure/repositories/pg/readers/address_group_port_mapping.go:82.101,100.16 7 0
netguard-pg-backend/internal/infrastructure/repositories/pg/readers/address_group_port_mapping.go:100.16,102.3 1 0
netguard-pg-backend/internal/infrastructure/repositories/pg/readers/address_group_port_mapping.go:105.2,106.16 2 0
netguard-pg-backend/internal/infrastructure/repositories/pg/readers/address_group_port_mapping.go:106.16,108.3 1 0
netguard-pg-backend/internal/infrastructure/repositories/pg/readers/address_group_port_mapping.go:111.2,112.16 2 0
netguard-pg-backend/internal/infrastructure/repositories/pg/readers/address_group_port_mapping.go:112.16,114.3 1 0
netguard-pg-backend/internal/infrastructure/repositories/pg/readers/address_group_port_mapping.go:117.2,119.21 2 0
netguard-pg-backend/internal/infrastructure/repositories/pg/readers/address_group_port_mapping.go:123.103,141.16 7 0
netguard-pg-backend/internal/infrastructure/repositories/pg/readers/address_group_port_mapping.go:141.16,143.3 1 0
netguard-pg-backend/internal/infrastructure/repositories/pg/readers/address_group_port_mapping.go:146.2,147.16 2 0
netguard-pg-backend/internal/infrastructure/repositories/pg/readers/address_group_port_mapping.go:147.16,149.3 1 0
netguard-pg-backend/internal/infrastructure/repositories/pg/readers/address_group_port_mapping.go:152.2,153.16 2 0
netguard-pg-backend/internal/infrastructure/repositories/pg/readers/address_group_port_mapping.go:153.16,155.3 1 0
netguard-pg-backend/internal/infrastructure/repositories/pg/readers/address_group_port_mapping.go:158.2,160.22 2 0
netguard-pg-backend/internal/infrastructure/repositories/pg/readers/host.go:19.107,36.23 4 0
netguard-pg-backend/internal/infrastructure/repositories/pg/readers/host.go:36.23,38.3 1 0
netguard-pg-backend/internal/infrastructure/repositories/pg/readers/host.go:38.8,40.3 1 0
netguard-pg-backend/internal/infrastructure/repositories/pg/readers/host.go:42.2,45.16 3 0
netguard-pg-backend/internal/infrastructure/repositories/pg/readers/host.go:45.16,47.3 1 0
netguard-pg-backend/internal/infrastructure/repositories/pg/readers/host.go:48.2,50.18 2 0
netguard-pg-backend/internal/infrastructure/repositories/pg/readers/host.go:50.18,52.17 2 0
netguard-pg-backend/internal/infrastructure/repositories/pg/readers/host.go:52.17,54.4 1 0
netguard-pg-backend/internal/infrastructure/repositories/pg/readers/host.go:56.3,56.39 1 0
netguard-pg-backend/internal/infrastructure/repositories/pg/readers/host.go:56.39,58.4 1 0
netguard-pg-backend/internal/infrastructure/repositories/pg/readers/host.go:61.2,61.19 1 0
netguard-pg-backend/internal/infrastructure/repositories/pg/readers/host.go:65.103,81.16 4 0
netguard-pg-backend/internal/infrastructure/repositories/pg/readers/host.go:81.16,82.36 1 0
netguard-pg-backend/internal/infrastructure/repositories/pg/readers/host.go:82.36,84.4 1 0
netguard-pg-backend/internal/infrastructure/repositories/pg/readers/host.go:85.3,85.54 1 0
netguard-pg-backend/internal/infrastructure/repositories/pg/readers/host.go:88.2,88.18 1 0
netguard-pg-backend/internal/infrastructure/repositories/pg/readers/host.go:92.63,125.16 12 0
netguard-pg-backend/internal/infrastructure/repositories/pg/readers/host.go:125.16,127.3 1 0
netguard-pg-backend/internal/infrastructure/repositories/pg/readers/host.go:130.2,133.25 2 0
netguard-pg-backend/internal/infrastructure/repositories/pg/readers/host.go:133.25,135.3 1 0
netguard-pg-backend/internal/infrastructure/repositories/pg/readers/host.go:136.2,136.29 1 0
netguard-pg-backend/internal/infrastructure/repositories/pg/readers/host.go:136.29,138.3 1 0
netguard-pg-backend/internal/infrastructure/repositories/pg/readers/host.go:139.2,142.57 2 0
netguard-pg-backend/internal/infrastructure/repositories/pg/readers/host.go:142.57,148.3 1 0
netguard-pg-backend/internal/infrastructure/repositories/pg/readers/host.go:151.2,151.67 1 0
netguard-pg-backend/internal/infrastructure/repositories/pg/readers/host.go:151.67,157.3 1 0
netguard-pg-backend/internal/infrastructure/repositories/pg/readers/host.go:160.2,160.23 1 0
netguard-pg-backend/internal/infrastructure/repositories/pg/readers/host.go:160.23,162.62 2 0
netguard-pg-backend/internal/infrastructure/repositories/pg/readers/host.go:162.62,164.4 1 0
netguard-pg-backend/internal/infrastructure/repositories/pg/readers/host.go:165.3,165.24 1 0
netguard-pg-backend/internal/infrastructure/repositories/pg/readers/host.go:169.2,170.16 2 0
netguard-pg-backend/internal/infrastructure/repositories/pg/readers/host.go:170.16,172.3 1 0
netguard-pg-backend/internal/infrastructure/repositories/pg/readers/host.go:174.2,174.18 1 0
netguard-pg-backend/internal/infrastructure/repositories/pg/readers/host.go:178.65,211.16 12 0
netguard-pg-backend/internal/infrastructure/repositories/pg/readers/host.go:211.16,213.3 1 0
netguard-pg-backend/internal/infrastructure/repositories/pg/readers/host.go:216.2,219.25 2 0
netguard-pg-backend/internal/infrastructure/repositories/pg/readers/host.go:219.25,221.3 1 0
netguard-pg-backend/internal/infrastructure/repositories/pg/readers/host.go:222.2,222.29 1 0
netguard-pg-backend/internal/infrastructure/repositories/pg/readers/host.go:222.29,224.3 1 0
netguard-pg-backend/internal/infrastructure/repositories/pg/readers/host.go:225.2,228.57 2 0
netguard-pg-backend/internal/infrastructure/repositories/pg/readers/host.go:228.57,234.3 1 0
netguard-pg-backend/internal/infrastructure/repositories/pg/readers/host.go:237.2,237.67 1 0
netguard-pg-backend/internal/infrastructure/repositories/pg/readers/host.go:237.67,243.3 1 0
netguard-pg-backend/internal/infrastructure/repositories/pg/readers/host.go:246.2,246.23 1 0
netguard-pg-backend/internal/infrastructure/repositories/pg/readers/host.go:246.23,248.62 2 0
netguard-pg-backend/internal/infrastructure/repositories/pg/readers/host.go:248.62,250.4 1 0
netguard-pg-backend/internal/infrastructure/repositories/pg/readers/host.go:252.3,252.24 1 0
netguard-pg-backend/internal/infrastructure/repositories/pg/readers/host.go:256.2,257.16 2 0
netguard-pg-backend/internal/infrastructure/repositories/pg/readers/host.go:257.16,259.3 1 0
netguard-pg-backend/internal/infrastructure/repositories/pg/readers/host.go:261.2,261.19 1 0
netguard-pg-backend/internal/infrastructure/repositories/pg/readers/host_binding.go:18.121,33.23 4 0
netguard-pg-backend/internal/infrastructure/repositories/pg/readers/host_binding.go:33.23,35.3 1 0
netguard-pg-backend/internal/infrastructure/repositories/pg/readers/host_binding.go:35.8,37.3 1 0
netguard-pg-backend/internal/infrastructure/repositories/pg/readers/host_binding.go:39.2,42.16 3 0
netguard-pg-backend/internal/infrastructure/repositories/pg/readers/host_binding.go:42.16,44.3 1 0
netguard-pg-backend/internal/infrastructure/repositories/pg/readers/host_binding.go:45.2,47.18 2 0
netguard-pg-backend/internal/infrastructure/repositories/pg/readers/host_binding.go:47.18,49.17 2 0
netguard-pg-backend/internal/infrastructure/repositories/pg/readers/host_binding.go:49.17,51.4 1 0
netguard-pg-backend/internal/infrastructure/repositories/pg/readers/host_binding.go:53.3,53.46 1 0
netguard-pg-backend/internal/infrastructure/repositories/pg/readers/host_binding.go:53.46,55.4 1 0
netguard-pg-backend/internal/infrastructure/repositories/pg/readers/host_binding.go:58.2,58.19 1 0
netguard-pg-backend/internal/infrastructure/repositories/pg/readers/host_binding.go:62.117,76.16 4 0
netguard-pg-backend/internal/infrastructure/repositories/pg/readers/host_binding.go:76.16,77.36 1 0
netguard-pg-backend/internal/infrastructure/repositories/pg/readers/host_binding.go:77.36,79.4 1 0
netguard-pg-backend/internal/infrastructure/repositories/pg/readers/host_binding.go:80.3,80.62 1 0
netguard-pg-backend/internal/infrastructure/repositories/pg/readers/host_binding.go:83.2,83.25 1 0
netguard-pg-backend/internal/infrastructure/repositories/pg/readers/host_binding.go:87.77,111.16 8 0
netguard-pg-backend/internal/infrastructure/repositories/pg/readers/host_binding.go:111.16,113.3 1 0
netguard-pg-backend/internal/infrastructure/repositories/pg/readers/host_binding.go:116.2,137.16 4 0
netguard-pg-backend/internal/infrastructure/repositories/pg/readers/host_binding.go:137.16,139.3 1 0
netguard-pg-backend/internal/infrastructure/repositories/pg/readers/host_binding.go:141.2,141.25 1 0
netguard-pg-backend/internal/infrastructure/repositories/pg/readers/host_binding.go:145.79,169.16 8 0
netguard-pg-backend/internal/infrastructure/repositories/pg/readers/host_binding.go:169.16,171.3 1 0
netguard-pg-backend/internal/infrastructure/repositories/pg/readers/host_binding.go:174.2,195.16 4 0
netguard-pg-backend/internal/infrastructure/repositories/pg/readers/host_binding.go:195.16,197.3 1 0
netguard-pg-backend/internal/infrastructure/repositories/pg/readers/host_binding.go:199.2,199.26 1 0
netguard-pg-backend/internal/infrastructure/repositories/pg/readers/ieagag_rule.go:19.119,35.23 4 0
netguard-pg-backend/internal/infrastructure/repositories/pg/readers/ieagag_rule.go:35.23,37.3 1 0
netguard-pg-backend/internal/infrastructure/repositories/pg/readers/ieagag_rule.go:37.8,39.3 1 0
netguard-pg-backend/internal/infrastructure/repositories/pg/readers/ieagag_rule.go:41.2,44.16 3 0
netguard-pg-backend/internal/infrastructure/repositories/pg/readers/ieagag_rule.go:44.16,46.3 1 0
netguard-pg-backend/internal/infrastructure/repositories/pg/readers/ieagag_rule.go:47.2,49.18 2 0
netguard-pg-backend/internal/infrastructure/repositories/pg/readers/ieagag_rule.go:49.18,51.17 2 0
netguard-pg-backend/internal/infrastructure/repositories/pg/readers/ieagag_rule.go:51.17,53.4 1 0
netguard-pg-backend/internal/infrastructure/repositories/pg/readers/ieagag_rule.go:55.3,55.45 1 0
netguard-pg-backend/internal/infrastructure/repositories/pg/readers/ieagag_rule.go:55.45,57.4 1 0
netguard-pg-backend/internal/infrastructure/repositories/pg/readers/ieagag_rule.go:60.2,60.19 1 0
netguard-pg-backend/internal/infrastructure/repositories/pg/readers/ieagag_rule.go:64.115,79.16 4 0
netguard-pg-backend/internal/infrastructure/repositories/pg/readers/ieagag_rule.go:79.16,80.36 1 0
netguard-pg-backend/internal/infrastructure/repositories/pg/readers/ieagag_rule.go:80.36,82.4 1 0
netguard-pg-backend/internal/infrastructure/repositories/pg/readers/ieagag_rule.go:83.3,83.61 1 0
netguard-pg-backend/internal/infrastructure/repositories/pg/readers/ieagag_rule.go:86.2,86.24 1 0
netguard-pg-backend/internal/infrastructure/repositories/pg/readers/ieagag_rule.go:90.75,124.16 13 0
netguard-pg-backend/internal/infrastructure/repositories/pg/readers/ieagag_rule.go:124.16,126.3 1 0
netguard-pg-backend/internal/infrastructure/repositories/pg/readers/ieagag_rule.go:129.2,130.16 2 0
netguard-pg-backend/internal/infrastructure/repositories/pg/readers/ieagag_rule.go:130.16,132.3 1 0
netguard-pg-backend/internal/infrastructure/repositories/pg/readers/ieagag_rule.go:135.2,144.69 6 0
netguard-pg-backend/internal/infrastructure/repositories/pg/readers/ieagag_rule.go:144.69,153.3 1 0
netguard-pg-backend/internal/infrastructure/repositories/pg/readers/ieagag_rule.go:155.2,155.59 1 0
netguard-pg-backend/internal/infrastructure/repositories/pg/readers/ieagag_rule.go:155.59,164.3 1 0
netguard-pg-backend/internal/infrastructure/repositories/pg/readers/ieagag_rule.go:167.2,167.55 1 0
netguard-pg-backend/internal/infrastructure/repositories/pg/readers/ieagag_rule.go:167.55,168.70 1 0
netguard-pg-backend/internal/infrastructure/repositories/pg/readers/ieagag_rule.go:168.70,170.4 1 0
netguard-pg-backend/internal/infrastructure/repositories/pg/readers/ieagag_rule.go:173.2,173.24 1 0
netguard-pg-backend/internal/infrastructure/repositories/pg/readers/ieagag_rule.go:177.77,211.16 13 0
netguard-pg-backend/internal/infrastructure/repositories/pg/readers/ieagag_rule.go:211.16,213.3 1 0
netguard-pg-backend/internal/infrastructure/repositories/pg/readers/ieagag_rule.go:216.2,217.16 2 0
netguard-pg-backend/internal/infrastructure/repositories/pg/readers/ieagag_rule.go:217.16,219.3 1 0
netguard-pg-backend/internal/infrastructure/repositories/pg/readers/ieagag_rule.go:222.2,231.69 6 0
netguard-pg-backend/internal/infrastructure/repositories/pg/readers/ieagag_rule.go:231.69,240.3 1 0
netguard-pg-backend/internal/infrastructure/repositories/pg/readers/ieagag_rule.go:242.2,242.59 1 0
netguard-pg-backend/internal/infrastructure/repositories/pg/readers/ieagag_rule.go:242.59,251.3 1 0
netguard-pg-backend/internal/infrastructure/repositories/pg/readers/ieagag_rule.go:254.2,254.55 1 0
netguard-pg-backend/internal/infrastructure/repositories/pg/readers/ieagag_rule.go:254.55,255.70 1 0
netguard-pg-backend/internal/infrastructure/repositories/pg/readers/ieagag_rule.go:255.70,257.4 1 0
netguard-pg-backend/internal/infrastructure/repositories/pg/readers/ieagag_rule.go:260.2,260.25 1 0
netguard-pg-backend/internal/infrastructure/repositories/pg/readers/network.go:18.113,33.23 4 0
netguard-pg-backend/internal/infrastructure/repositories/pg/readers/network.go:33.23,35.3 1 0
netguard-pg-backend/internal/infrastructure/repositories/pg/readers/network.go:35.8,37.3 1 0
netguard-pg-backend/internal/infrastructure/repositories/pg/readers/network.go:39.2,42.16 3 0
netguard-pg-backend/internal/infrastructure/repositories/pg/readers/network.go:42.16,44.3 1 0
netguard-pg-backend/internal/infrastructure/repositories/pg/readers/network.go:45.2,47.18 2 0
netguard-pg-backend/internal/infrastructure/repositories/pg/readers/network.go:47.18,49.17 2 0
netguard-pg-backend/internal/infrastructure/repositories/pg/readers/network.go:49.17,51.4 1 0
netguard-pg-backend/internal/infrastructure/repositories/pg/readers/network.go:53.3,53.42 1 0
netguard-pg-backend/internal/infrastructure/repositories/pg/readers/network.go:53.42,55.4 1 0
netguard-pg-backend/internal/infrastructure/repositories/pg/readers/network.go:58.2,58.19 1 0
netguard-pg-backend/internal/infrastructure/repositories/pg/readers/network.go:62.109,76.16 4 0
netguard-pg-backend/internal/infrastructure/repositories/pg/readers/network.go:76.16,77.36 1 0
netguard-pg-backend/internal/infrastructure/repositories/pg/readers/network.go:77.36,79.4 1 0
netguard-pg-backend/internal/infrastructure/repositories/pg/readers/network.go:80.3,80.57 1 0
netguard-pg-backend/internal/infrastructure/repositories/pg/readers/network.go:83.2,83.21 1 0
netguard-pg-backend/internal/infrastructure/repositories/pg/readers/network.go:87.69,117.16 11 0
netguard-pg-backend/internal/infrastructure/repositories/pg/readers/network.go:117.16,119.3 1 0
netguard-pg-backend/internal/infrastructure/repositories/pg/readers/network.go:122.2,123.16 2 0
netguard-pg-backend/internal/infrastructure/repositories/pg/readers/network.go:123.16,125.3 1 0
netguard-pg-backend/internal/infrastructure/repositories/pg/readers/network.go:128.2,137.57 4 0
netguard-pg-backend/internal/infrastructure/repositories/pg/readers/network.go:137.57,143.3 1 0
netguard-pg-backend/internal/infrastructure/repositories/pg/readers/network.go:145.2,145.67 1 0
netguard-pg-backend/internal/infrastructure/repositories/pg/readers/network.go:145.67,151.3 1 0
netguard-pg-backend/internal/infrastructure/repositories/pg/readers/network.go:153.2,153.21 1 0
netguard-pg-backend/internal/infrastructure/repositories/pg/readers/network.go:157.71,187.16 11 0
netguard-pg-backend/internal/infrastructure/repositories/pg/readers/network.go:187.16,189.3 1 0
netguard-pg-backend/internal/infrastructure/repositories/pg/readers/network.go:192.2,193.16 2 0
netguard-pg-backend/internal/infrastructure/repositories/pg/readers/network.go:193.16,195.3 1 0
netguard-pg-backend/internal/infrastructure/repositories/pg/readers/network.go:198.2,207.57 4 0
netguard-pg-backend/internal/infrastructure/repositories/pg/readers/network.go:207.57,213.3 1 0
netguard-pg-backend/internal/infrastructure/repositories/pg/readers/network.go:215.2,215.67 1 0
netguard-pg-backend/internal/infrastructure/repositories/pg/readers/network.go:215.67,221.3 1 0
netguard-pg-backend/internal/infrastructure/repositories/pg/readers/network.go:223.2,223.22 1 0
netguard-pg-backend/internal/infrastructure/repositories/pg/readers/network.go:227.94,241.16 4 0
netguard-pg-backend/internal/infrastructure/repositories/pg/readers/network.go:241.16,242.36 1 0
netguard-pg-backend/internal/infrastructure/repositories/pg/readers/network.go:242.36,244.4 1 0
netguard-pg-backend/internal/infrastructure/repositories/pg/readers/network.go:245.3,245.65 1 0
netguard-pg-backend/internal/infrastructure/repositories/pg/readers/network.go:248.2,248.21 1 0
netguard-pg-backend/internal/infrastructure/repositories/pg/readers/network.go:251.106,276.16 3 0
netguard-pg-backend/internal/infrastructure/repositories/pg/readers/network.go:276.16,278.3 1 0
netguard-pg-backend/internal/infrastructure/repositories/pg/readers/network.go:279.2,282.18 3 0
netguard-pg-backend/internal/infrastructure/repositories/pg/readers/network.go:282.18,284.17 2 0
netguard-pg-backend/internal/infrastructure/repositories/pg/readers/network.go:284.17,286.4 1 0
netguard-pg-backend/internal/infrastructure/repositories/pg/readers/network.go:287.3,287.40 1 0
netguard-pg-backend/internal/infrastructure/repositories/pg/readers/network.go:290.2,290.35 1 0
netguard-pg-backend/internal/infrastructure/repositories/pg/readers/network.go:290.35,292.3 1 0
netguard-pg-backend/internal/infrastructure/repositories/pg/readers/network.go:294.2,294.22 1 0
netguard-pg-backend/internal/infrastructure/repositories/pg/readers/network_binding.go:18.127,33.23 4 0
netguard-pg-backend/internal/infrastructure/repositories/pg/readers/network_binding.go:33.23,35.3 1 0
netguard-pg-backend/internal/infrastructure/repositories/pg/readers/network_binding.go:35.8,37.3 1 0
netguard-pg-backend/internal/infrastructure/repositories/pg/readers/network_binding.go:39.2,42.16 3 0
netguard-pg-backend/internal/infrastructure/repositories/pg/readers/network_binding.go:42.16,44.3 1 0
netguard-pg-backend/internal/infrastructure/repositories/pg/readers/network_binding.go:45.2,47.18 2 0
netguard-pg-backend/internal/infrastructure/repositories/pg/readers/network_binding.go:47.18,49.17 2 0
netguard-pg-backend/internal/infrastructure/repositories/pg/readers/network_binding.go:49.17,51.4 1 0
netguard-pg-backend/internal/infrastructure/repositories/pg/readers/network_binding.go:53.3,53.49 1 0
netguard-pg-backend/internal/infrastructure/repositories/pg/readers/network_binding.go:53.49,55.4 1 0
netguard-pg-backend/internal/infrastructure/repositories/pg/readers/network_binding.go:58.2,58.19 1 0
netguard-pg-backend/internal/infrastructure/repositories/pg/readers/network_binding.go:62.123,76.16 4 0
netguard-pg-backend/internal/infrastructure/repositories/pg/readers/network_binding.go:76.16,77.36 1 0
netguard-pg-backend/internal/infrastructure/repositories/pg/readers/network_binding.go:77.36,79.4 1 0
netguard-pg-backend/internal/infrastructure/repositories/pg/readers/network_binding.go:80.3,80.65 1 0
netguard-pg-backend/internal/infrastructure/repositories/pg/readers/network_binding.go:83.2,83.28 1 0
netguard-pg-backend/internal/infrastructure/repositories/pg/readers/network_binding.go:87.83,111.16 8 0
netguard-pg-backend/internal/infrastructure/repositories/pg/readers/network_binding.go:111.16,113.3 1 0
netguard-pg-backend/internal/infrastructure/repositories/pg/readers/network_binding.go:116.2,117.16 2 0
netguard-pg-backend/internal/infrastructure/repositories/pg/readers/network_binding.go:117.16,119.3 1 0
netguard-pg-backend/internal/infrastructure/repositories/pg/readers/network_binding.go:122.2,125.49 2 0
netguard-pg-backend/internal/infrastructure/repositories/pg/readers/network_binding.go:125.49,131.3 1 0
netguard-pg-backend/internal/infrastructure/repositories/pg/readers/network_binding.go:133.2,133.59 1 0
netguard-pg-backend/internal/infrastructure/repositories/pg/readers/network_binding.go:133.59,139.3 1 0
netguard-pg-backend/internal/infrastructure/repositories/pg/readers/network_binding.go:141.2,141.28 1 0
netguard-pg-backend/internal/infrastructure/repositories/pg/readers/network_binding.go:145.85,169.16 8 0
netguard-pg-backend/internal/infrastructure/repositories/pg/readers/network_binding.go:169.16,171.3 1 0
netguard-pg-backend/internal/infrastructure/repositories/pg/readers/network_binding.go:174.2,175.16 2 0
netguard-pg-backend/internal/infrastructure/repositories/pg/readers/network_binding.go:175.16,177.3 1 0
netguard-pg-backend/internal/infrastructure/repositories/pg/readers/network_binding.go:180.2,183.49 2 0
netguard-pg-backend/internal/infrastructure/repositories/pg/readers/network_binding.go:183.49,189.3 1 0
netguard-pg-backend/internal/infrastructure/repositories/pg/readers/network_binding.go:191.2,191.59 1 0
netguard-pg-backend/internal/infrastructure/repositories/pg/readers/network_binding.go:191.59,197.3 1 0
netguard-pg-backend/internal/infrastructure/repositories/pg/readers/network_binding.go:199.2,199.29 1 0
netguard-pg-backend/internal/infrastructure/repositories/pg/readers/reader.go:22.101,29.2 1 0
netguard-pg-backend/internal/infrastructure/repositories/pg/readers/reader.go:32.32,34.2 1 0
netguard-pg-backend/internal/infrastructure/repositories/pg/readers/reader.go:38.98,39.17 1 0
netguard-pg-backend/internal/infrastructure/repositories/pg/readers/reader.go:39.17,41.3 1 0
netguard-pg-backend/internal/infrastructure/repositories/pg/readers/reader.go:42.2,42.42 1 0
netguard-pg-backend/internal/infrastructure/repositories/pg/readers/reader.go:47.91,48.17 1 0
netguard-pg-backend/internal/infrastructure/repositories/pg/readers/reader.go:48.17,50.3 1 0
netguard-pg-backend/internal/infrastructure/repositories/pg/readers/reader.go:51.2,51.45 1 0
netguard-pg-backend/internal/infrastructure/repositories/pg/readers/rule_s2s.go:18.112,32.23 4 0
netguard-pg-backend/internal/infrastructure/repositories/pg/readers/rule_s2s.go:32.23,34.3 1 0
netguard-pg-backend/internal/infrastructure/repositories/pg/readers/rule_s2s.go:34.8,36.3 1 0
netguard-pg-backend/internal/infrastructure/repositories/pg/readers/rule_s2s.go:38.2,41.16 3 0
netguard-pg-backend/internal/infrastructure/repositories/pg/readers/rule_s2s.go:41.16,43.3 1 0
netguard-pg-backend/internal/infrastructure/repositories/pg/readers/rule_s2s.go:44.2,46.18 2 0
netguard-pg-backend/internal/infrastructure/repositories/pg/readers/rule_s2s.go:46.18,48.17 2 0
netguard-pg-backend/internal/infrastructure/repositories/pg/readers/rule_s2s.go:48.17,50.4 1 0
netguard-pg-backend/internal/infrastructure/repositories/pg/readers/rule_s2s.go:52.3,52.42 1 0
netguard-pg-backend/internal/infrastructure/repositories/pg/readers/rule_s2s.go:52.42,54.4 1 0
netguard-pg-backend/internal/infrastructure/repositories/pg/readers/rule_s2s.go:57.2,57.19 1 0
netguard-pg-backend/internal/infrastructure/repositories/pg/readers/rule_s2s.go:61.109,74.16 4 0
netguard-pg-backend/internal/infrastructure/repositories/pg/readers/rule_s2s.go:74.16,75.36 1 0
netguard-pg-backend/internal/infrastructure/repositories/pg/readers/rule_s2s.go:75.36,77.4 1 0
netguard-pg-backend/internal/infrastructure/repositories/pg/readers/rule_s2s.go:78.3,78.58 1 0
netguard-pg-backend/internal/infrastructure/repositories/pg/readers/rule_s2s.go:81.2,81.21 1 0
netguard-pg-backend/internal/infrastructure/repositories/pg/readers/rule_s2s.go:85.69,112.16 10 0
netguard-pg-backend/internal/infrastructure/repositories/pg/readers/rule_s2s.go:112.16,114.3 1 0
netguard-pg-backend/internal/infrastructure/repositories/pg/readers/rule_s2s.go:117.2,118.16 2 0
netguard-pg-backend/internal/infrastructure/repositories/pg/readers/rule_s2s.go:118.16,120.3 1 0
netguard-pg-backend/internal/infrastructure/repositories/pg/readers/rule_s2s.go:122.2,127.34 4 0
netguard-pg-backend/internal/infrastructure/repositories/pg/readers/rule_s2s.go:127.34,128.87 1 0
netguard-pg-backend/internal/infrastructure/repositories/pg/readers/rule_s2s.go:128.87,130.4 1 0
netguard-pg-backend/internal/infrastructure/repositories/pg/readers/rule_s2s.go:133.2,133.29 1 0
netguard-pg-backend/internal/infrastructure/repositories/pg/readers/rule_s2s.go:133.29,134.77 1 0
netguard-pg-backend/internal/infrastructure/repositories/pg/readers/rule_s2s.go:134.77,136.4 1 0
netguard-pg-backend/internal/infrastructure/repositories/pg/readers/rule_s2s.go:140.2,140.33 1 0
netguard-pg-backend/internal/infrastructure/repositories/pg/readers/rule_s2s.go:140.33,141.85 1 0
netguard-pg-backend/internal/infrastructure/repositories/pg/readers/rule_s2s.go:141.85,143.4 1 0
netguard-pg-backend/internal/infrastructure/repositories/pg/readers/rule_s2s.go:146.2,146.21 1 0
netguard-pg-backend/internal/infrastructure/repositories/pg/readers/rule_s2s.go:150.71,177.16 10 0
netguard-pg-backend/internal/infrastructure/repositories/pg/readers/rule_s2s.go:177.16,179.3 1 0
netguard-pg-backend/internal/infrastructure/repositories/pg/readers/rule_s2s.go:182.2,183.16 2 0
netguard-pg-backend/internal/infrastructure/repositories/pg/readers/rule_s2s.go:183.16,185.3 1 0
netguard-pg-backend/internal/infrastructure/repositories/pg/readers/rule_s2s.go:187.2,192.34 4 0
netguard-pg-backend/internal/infrastructure/repositories/pg/readers/rule_s2s.go:192.34,193.87 1 0
netguard-pg-backend/internal/infrastructure/repositories/pg/readers/rule_s2s.go:193.87,195.4 1 0
netguard-pg-backend/internal/infrastructure/repositories/pg/readers/rule_s2s.go:198.2,198.29 1 0
netguard-pg-backend/internal/infrastructure/repositories/pg/readers/rule_s2s.go:198.29,199.77 1 0
netguard-pg-backend/internal/infrastructure/repositories/pg/readers/rule_s2s.go:199.77,201.4 1 0
netguard-pg-backend/internal/infrastructure/repositories/pg/readers/rule_s2s.go:205.2,205.33 1 0
netguard-pg-backend/internal/infrastructure/repositories/pg/readers/rule_s2s.go:205.33,206.85 1 0
netguard-pg-backend/internal/infrastructure/repositories/pg/readers/rule_s2s.go:206.85,208.4 1 0
netguard-pg-backend/internal/infrastructure/repositories/pg/readers/rule_s2s.go:211.2,211.22 1 0
netguard-pg-backend/internal/infrastructure/repositories/pg/readers/service.go:34.113,48.23 4 0
netguard-pg-backend/internal/infrastructure/repositories/pg/readers/service.go:48.23,50.3 1 0
netguard-pg-backend/internal/infrastructure/repositories/pg/readers/service.go:50.8,52.3 1 0
netguard-pg-backend/internal/infrastructure/repositories/pg/readers/service.go:54.2,59.52 5 0
netguard-pg-backend/internal/infrastructure/repositories/pg/readers/service.go:59.52,61.17 2 0
netguard-pg-backend/internal/infrastructure/repositories/pg/readers/service.go:61.17,62.9 1 0
netguard-pg-backend/internal/infrastructure/repositories/pg/readers/service.go:65.3,65.75 1 0
netguard-pg-backend/internal/infrastructure/repositories/pg/readers/service.go:65.75,67.12 2 0
netguard-pg-backend/internal/infrastructure/repositories/pg/readers/service.go:70.3,70.54 1 0
netguard-pg-backend/internal/infrastructure/repositories/pg/readers/service.go:72.2,74.18 2 0
netguard-pg-backend/internal/infrastructure/repositories/pg/readers/service.go:74.18,76.17 2 0
netguard-pg-backend/internal/infrastructure/repositories/pg/readers/service.go:76.17,78.4 1 0
netguard-pg-backend/internal/infrastructure/repositories/pg/readers/service.go:80.3,80.42 1 0
netguard-pg-backend/internal/infrastructure/repositories/pg/readers/service.go:80.42,82.4 1 0
netguard-pg-backend/internal/infrastructure/repositories/pg/readers/service.go:85.2,85.19 1 0
netguard-pg-backend/internal/infrastructure/repositories/pg/readers/service.go:89.109,103.52 5 0
netguard-pg-backend/internal/infrastructure/repositories/pg/readers/service.go:103.52,106.17 3 0
netguard-pg-backend/internal/infrastructure/repositories/pg/readers/service.go:106.17,107.9 1 0
netguard-pg-backend/internal/infrastructure/repositories/pg/readers/service.go:110.3,110.75 1 0
netguard-pg-backend/internal/infrastructure/repositories/pg/readers/service.go:110.75,112.12 2 0
netguard-pg-backend/internal/infrastructure/repositories/pg/readers/service.go:115.3,115.36 1 0
netguard-pg-backend/internal/infrastructure/repositories/pg/readers/service.go:115.36,117.4 1 0
netguard-pg-backend/internal/infrastructure/repositories/pg/readers/service.go:118.3,118.57 1 0
netguard-pg-backend/internal/infrastructure/repositories/pg/readers/service.go:121.2,121.21 1 0
netguard-pg-backend/internal/infrastructure/repositories/pg/readers/service.go:125.69,147.16 8 0
netguard-pg-backend/internal/infrastructure/repositories/pg/readers/service.go:147.16,149.3 1 0
netguard-pg-backend/internal/infrastructure/repositories/pg/readers/service.go:152.2,153.16 2 0
netguard-pg-backend/internal/infrastructure/repositories/pg/readers/service.go:153.16,155.3 1 0
netguard-pg-backend/internal/infrastructure/repositories/pg/readers/service.go:158.2,158.99 1 0
netguard-pg-backend/internal/infrastructure/repositories/pg/readers/service.go:158.99,160.68 2 0
netguard-pg-backend/internal/infrastructure/repositories/pg/readers/service.go:160.68,162.4 1 0
netguard-pg-backend/internal/infrastructure/repositories/pg/readers/service.go:163.3,164.30 2 0
netguard-pg-backend/internal/infrastructure/repositories/pg/readers/service.go:164.30,167.4 1 0
netguard-pg-backend/internal/infrastructure/repositories/pg/readers/service.go:171.2,171.129 1 0
netguard-pg-backend/internal/infrastructure/repositories/pg/readers/service.go:171.129,173.86 2 0
netguard-pg-backend/internal/infrastructure/repositories/pg/readers/service.go:173.86,175.4 1 0
netguard-pg-backend/internal/infrastructure/repositories/pg/readers/service.go:176.3,177.38 2 0
netguard-pg-backend/internal/infrastructure/repositories/pg/readers/service.go:177.38,186.4 2 0
netguard-pg-backend/internal/infrastructure/repositories/pg/readers/service.go:190.2,191.16 2 0
netguard-pg-backend/internal/infrastructure/repositories/pg/readers/service.go:191.16,193.3 1 0
netguard-pg-backend/internal/infrastructure/repositories/pg/readers/service.go:196.2,198.21 2 0
netguard-pg-backend/internal/infrastructure/repositories/pg/readers/service.go:202.71,224.16 8 0
netguard-pg-backend/internal/infrastructure/repositories/pg/readers/service.go:224.16,226.3 1 0
netguard-pg-backend/internal/infrastructure/repositories/pg/readers/service.go:229.2,230.16 2 0
netguard-pg-backend/internal/infrastructure/repositories/pg/readers/service.go:230.16,232.3 1 0
netguard-pg-backend/internal/infrastructure/repositories/pg/readers/service.go:235.2,235.99 1 0
netguard-pg-backend/internal/infrastructure/repositories/pg/readers/service.go:235.99,237.68 2 0
netguard-pg-backend/internal/infrastructure/repositories/pg/readers/service.go:237.68,239.4 1 0
netguard-pg-backend/internal/infrastructure/repositories/pg/readers/service.go:240.3,241.30 2 0
netguard-pg-backend/internal/infrastructure/repositories/pg/readers/service.go:241.30,244.4 1 0
netguard-pg-backend/internal/infrastructure/repositories/pg/readers/service.go:248.2,248.129 1 0
netguard-pg-backend/internal/infrastructure/repositories/pg/readers/service.go:248.129,250.86 2 0
netguard-pg-backend/internal/infrastructure/repositories/pg/readers/service.go:250.86,252.4 1 0
netguard-pg-backend/internal/infrastructure/repositories/pg/readers/service.go:253.3,254.38 2 0
netguard-pg-backend/internal/infrastructure/repositories/pg/readers/service.go:254.38,261.4 2 0
netguard-pg-backend/internal/infrastructure/repositories/pg/readers/service.go:265.2,266.16 2 0
netguard-pg-backend/internal/infrastructure/repositories/pg/readers/service.go:266.16,268.3 1 0
netguard-pg-backend/internal/infrastructure/repositories/pg/readers/service.go:271.2,273.22 2 0
netguard-pg-backend/internal/infrastructure/repositories/pg/readers/service_alias.go:17.124,30.23 4 0
netguard-pg-backend/internal/infrastructure/repositories/pg/readers/service_alias.go:30.23,32.3 1 0
netguard-pg-backend/internal/infrastructure/repositories/pg/readers/service_alias.go:32.8,34.3 1 0
netguard-pg-backend/internal/infrastructure/repositories/pg/readers/service_alias.go:36.2,39.16 3 0
netguard-pg-backend/internal/infrastructure/repositories/pg/readers/service_alias.go:39.16,41.3 1 0
netguard-pg-backend/internal/infrastructure/repositories/pg/readers/service_alias.go:42.2,44.18 2 0
netguard-pg-backend/internal/infrastructure/repositories/pg/readers/service_alias.go:44.18,46.17 2 0
netguard-pg-backend/internal/infrastructure/repositories/pg/readers/service_alias.go:46.17,48.4 1 0
netguard-pg-backend/internal/infrastructure/repositories/pg/readers/service_alias.go:50.3,50.47 1 0
netguard-pg-backend/internal/infrastructure/repositories/pg/readers/service_alias.go:50.47,52.4 1 0
netguard-pg-backend/internal/infrastructure/repositories/pg/readers/service_alias.go:55.2,55.19 1 0
netguard-pg-backend/internal/infrastructure/repositories/pg/readers/service_alias.go:59.119,71.16 4 0
netguard-pg-backend/internal/infrastructure/repositories/pg/readers/service_alias.go:71.16,72.36 1 0
netguard-pg-backend/internal/infrastructure/repositories/pg/readers/service_alias.go:72.36,74.4 1 0
netguard-pg-backend/internal/infrastructure/repositories/pg/readers/service_alias.go:75.3,75.63 1 0
netguard-pg-backend/internal/infrastructure/repositories/pg/readers/service_alias.go:78.2,78.26 1 0
netguard-pg-backend/internal/infrastructure/repositories/pg/readers/service_alias.go:82.79,101.16 7 0
netguard-pg-backend/internal/infrastructure/repositories/pg/readers/service_alias.go:101.16,103.3 1 0
netguard-pg-backend/internal/infrastructure/repositories/pg/readers/service_alias.go:106.2,107.16 2 0
netguard-pg-backend/internal/infrastructure/repositories/pg/readers/service_alias.go:107.16,109.3 1 0
netguard-pg-backend/internal/infrastructure/repositories/pg/readers/service_alias.go:112.2,117.26 3 0
netguard-pg-backend/internal/infrastructure/repositories/pg/readers/service_alias.go:121.81,140.16 7 0
netguard-pg-backend/internal/infrastructure/repositories/pg/readers/service_alias.go:140.16,142.3 1 0
netguard-pg-backend/internal/infrastructure/repositories/pg/readers/service_alias.go:145.2,146.16 2 0
netguard-pg-backend/internal/infrastructure/repositories/pg/readers/service_alias.go:146.16,148.3 1 0
netguard-pg-backend/internal/infrastructure/repositories/pg/readers/service_alias.go:151.2,156.27 3 0
netguard-pg-backend/internal/infrastructure/repositories/pg/readers/shared_utils.go:17.97,18.21 1 0
netguard-pg-backend/internal/infrastructure/repositories/pg/readers/shared_utils.go:18.21,20.3 1 0
netguard-pg-backend/internal/infrastructure/repositories/pg/readers/shared_utils.go:22.2,22.27 1 0
netguard-pg-backend/internal/infrastructure/repositories/pg/readers/shared_utils.go:23.37,24.30 1 0
netguard-pg-backend/internal/infrastructure/repositories/pg/readers/shared_utils.go:24.30,26.4 1 0
netguard-pg-backend/internal/infrastructure/repositories/pg/readers/shared_utils.go:29.3,33.36 4 0
netguard-pg-backend/internal/infrastructure/repositories/pg/readers/shared_utils.go:33.36,39.4 4 0
netguard-pg-backend/internal/infrastructure/repositories/pg/readers/shared_utils.go:41.3,41.60 1 0
netguard-pg-backend/internal/infrastructure/repositories/pg/readers/shared_utils.go:43.10,45.17 1 0
netguard-pg-backend/internal/infrastructure/repositories/pg/readers/shared_utils.go:50.91,51.32 1 0
netguard-pg-backend/internal/infrastructure/repositories/pg/readers/shared_utils.go:51.32,53.3 1 0
netguard-pg-backend/internal/infrastructure/repositories/pg/readers/shared_utils.go:55.2,61.65 2 0
netguard-pg-backend/internal/infrastructure/repositories/pg/readers/shared_utils.go:61.65,63.3 1 0
netguard-pg-backend/internal/infrastructure/repositories/pg/readers/shared_utils.go:65.2,66.26 2 0
netguard-pg-backend/internal/infrastructure/repositories/pg/readers/shared_utils.go:66.26,72.3 1 0
netguard-pg-backend/internal/infrastructure/repositories/pg/readers/shared_utils.go:74.2,74.20 1 0
netguard-pg-backend/internal/infrastructure/repositories/pg/readers/shared_utils.go:78.169,85.16 3 0
netguard-pg-backend/internal/infrastructure/repositories/pg/readers/shared_utils.go:85.16,87.3 1 0
netguard-pg-backend/internal/infrastructure/repositories/pg/readers/shared_utils.go:88.2,92.29 3 0
netguard-pg-backend/internal/infrastructure/repositories/pg/readers/shared_utils.go:92.29,94.69 2 0
netguard-pg-backend/internal/infrastructure/repositories/pg/readers/shared_utils.go:94.69,96.4 1 0
netguard-pg-backend/internal/infrastructure/repositories/pg/readers/shared_utils.go:97.3,97.31 1 0
netguard-pg-backend/internal/infrastructure/repositories/pg/readers/shared_utils.go:101.2,104.18 2 0
netguard-pg-backend/internal/infrastructure/repositories/pg/readers/shared_utils.go:108.127,111.25 2 0
netguard-pg-backend/internal/infrastructure/repositories/pg/readers/shared_utils.go:111.25,112.61 1 0
netguard-pg-backend/internal/infrastructure/repositories/pg/readers/shared_utils.go:112.61,114.4 1 0
netguard-pg-backend/internal/infrastructure/repositories/pg/readers/shared_utils.go:117.2,117.30 1 0
netguard-pg-backend/internal/infrastructure/repositories/pg/readers/shared_utils.go:117.30,118.71 1 0
netguard-pg-backend/internal/infrastructure/repositories/pg/readers/shared_utils.go:118.71,120.4 1 0
netguard-pg-backend/internal/infrastructure/repositories/pg/readers/shared_utils.go:123.2,123.33 1 0
netguard-pg-backend/internal/infrastructure/repositories/pg/readers/shared_utils.go:127.91,128.32 1 0
netguard-pg-backend/internal/infrastructure/repositories/pg/readers/shared_utils.go:128.32,130.3 1 0
netguard-pg-backend/internal/infrastructure/repositories/pg/readers/shared_utils.go:132.2,133.65 2 0
netguard-pg-backend/internal/infrastructure/repositories/pg/readers/shared_utils.go:133.65,135.3 1 0
netguard-pg-backend/internal/infrastructure/repositories/pg/readers/shared_utils.go:137.2,137.19 1 0
netguard-pg-backend/internal/infrastructure/repositories/pg/readers/sync_status.go:14.81,21.16 5 0
netguard-pg-backend/internal/infrastructure/repositories/pg/readers/sync_status.go:21.16,22.36 1 0
netguard-pg-backend/internal/infrastructure/repositories/pg/readers/sync_status.go:22.36,24.4 1 0
netguard-pg-backend/internal/infrastructure/repositories/pg/readers/sync_status.go:25.3,25.61 1 0
netguard-pg-backend/internal/infrastructure/repositories/pg/readers/sync_status.go:28.2,28.25 1 0
netguard-pg-backend/internal/infrastructure/repositories/pg/writers/address_group.go:22.141,24.27 2 0
netguard-pg-backend/internal/infrastructure/repositories/pg/writers/address_group.go:24.27,25.54 1 0
netguard-pg-backend/internal/infrastructure/repositories/pg/writers/address_group.go:25.54,27.9 2 0
netguard-pg-backend/internal/infrastructure/repositories/pg/writers/address_group.go:31.2,31.21 1 0
netguard-pg-backend/internal/infrastructure/repositories/pg/writers/address_group.go:31.21,35.10 1 0
netguard-pg-backend/internal/infrastructure/repositories/pg/writers/address_group.go:35.10,38.18 2 0
netguard-pg-backend/internal/infrastructure/repositories/pg/writers/address_group.go:38.18,40.5 1 0
netguard-pg-backend/internal/infrastructure/repositories/pg/writers/address_group.go:41.4,44.29 3 0
netguard-pg-backend/internal/infrastructure/repositories/pg/writers/address_group.go:44.29,45.57 1 0
netguard-pg-backend/internal/infrastructure/repositories/pg/writers/address_group.go:45.57,47.6 1 0
netguard-pg-backend/internal/infrastructure/repositories/pg/writers/address_group.go:49.4,49.100 1 0
netguard-pg-backend/internal/infrastructure/repositories/pg/writers/address_group.go:49.100,51.5 1 0
netguard-pg-backend/internal/infrastructure/repositories/pg/writers/address_group.go:53.4,53.47 1 0
netguard-pg-backend/internal/infrastructure/repositories/pg/writers/address_group.go:53.47,55.5 1 0
netguard-pg-backend/internal/infrastructure/repositories/pg/writers/address_group.go:56.4,56.14 1 0
netguard-pg-backend/internal/infrastructure/repositories/pg/writers/address_group.go:58.3,58.70 1 0
netguard-pg-backend/internal/infrastructure/repositories/pg/writers/address_group.go:61.2,61.31 1 0
netguard-pg-backend/internal/infrastructure/repositories/pg/writers/address_group.go:61.31,62.38 1 0
netguard-pg-backend/internal/infrastructure/repositories/pg/writers/address_group.go:62.38,64.4 1 0
netguard-pg-backend/internal/infrastructure/repositories/pg/writers/address_group.go:66.3,66.69 1 0
netguard-pg-backend/internal/infrastructure/repositories/pg/writers/address_group.go:66.69,68.4 1 0
netguard-pg-backend/internal/infrastructure/repositories/pg/writers/address_group.go:71.2,71.12 1 0
netguard-pg-backend/internal/infrastructure/repositories/pg/writers/address_group.go:75.88,78.16 2 0
netguard-pg-backend/internal/infrastructure/repositories/pg/writers/address_group.go:78.16,80.3 1 0
netguard-pg-backend/internal/infrastructure/repositories/pg/writers/address_group.go:82.2,83.16 2 0
netguard-pg-backend/internal/infrastructure/repositories/pg/writers/address_group.go:83.16,85.3 1 0
netguard-pg-backend/internal/infrastructure/repositories/pg/writers/address_group.go:88.2,92.40 5 0
netguard-pg-backend/internal/infrastructure/repositories/pg/writers/address_group.go:92.40,94.3 1 0
netguard-pg-backend/internal/infrastructure/repositories/pg/writers/address_group.go:96.2,98.21 3 0
netguard-pg-backend/internal/infrastructure/repositories/pg/writers/address_group.go:98.21,100.3 1 0
netguard-pg-backend/internal/infrastructure/repositories/pg/writers/address_group.go:102.2,103.31 2 0
netguard-pg-backend/internal/infrastructure/repositories/pg/writers/address_group.go:103.31,105.3 1 0
netguard-pg-backend/internal/infrastructure/repositories/pg/writers/address_group.go:107.2,107.57 1 0
netguard-pg-backend/internal/infrastructure/repositories/pg/writers/address_group.go:107.57,109.3 1 0
netguard-pg-backend/internal/infrastructure/repositories/pg/writers/address_group.go:109.8,111.17 2 0
netguard-pg-backend/internal/infrastructure/repositories/pg/writers/address_group.go:111.17,113.4 1 0
netguard-pg-backend/internal/infrastructure/repositories/pg/writers/address_group.go:117.2,119.18 3 0
netguard-pg-backend/internal/infrastructure/repositories/pg/writers/address_group.go:119.18,121.3 1 0
netguard-pg-backend/internal/infrastructure/repositories/pg/writers/address_group.go:122.2,123.16 2 0
netguard-pg-backend/internal/infrastructure/repositories/pg/writers/address_group.go:123.16,125.3 1 0
netguard-pg-backend/internal/infrastructure/repositories/pg/writers/address_group.go:127.2,128.35 2 0
netguard-pg-backend/internal/infrastructure/repositories/pg/writers/address_group.go:128.35,136.17 3 0
netguard-pg-backend/internal/infrastructure/repositories/pg/writers/address_group.go:136.17,138.4 1 0
netguard-pg-backend/internal/infrastructure/repositories/pg/writers/address_group.go:139.8,146.17 3 0
netguard-pg-backend/internal/infrastructure/repositories/pg/writers/address_group.go:146.17,148.4 1 0
netguard-pg-backend/internal/infrastructure/repositories/pg/writers/address_group.go:152.2,173.16 2 0
netguard-pg-backend/internal/infrastructure/repositories/pg/writers/address_group.go:173.16,175.3 1 0
netguard-pg-backend/internal/infrastructure/repositories/pg/writers/address_group.go:180.2,180.65 1 0
netguard-pg-backend/internal/infrastructure/repositories/pg/writers/address_group.go:180.65,182.3 1 0
netguard-pg-backend/internal/infrastructure/repositories/pg/writers/address_group.go:184.2,184.12 1 0
netguard-pg-backend/internal/infrastructure/repositories/pg/writers/address_group.go:188.91,189.21 1 0
netguard-pg-backend/internal/infrastructure/repositories/pg/writers/address_group.go:189.21,191.3 1 0
netguard-pg-backend/internal/infrastructure/repositories/pg/writers/address_group.go:193.2,194.23 2 0
netguard-pg-backend/internal/infrastructure/repositories/pg/writers/address_group.go:194.23,196.3 1 0
netguard-pg-backend/internal/infrastructure/repositories/pg/writers/address_group.go:198.2,200.52 2 0
netguard-pg-backend/internal/infrastructure/repositories/pg/writers/address_group.go:200.52,202.3 1 0
netguard-pg-backend/internal/infrastructure/repositories/pg/writers/address_group.go:204.2,204.12 1 0
netguard-pg-backend/internal/infrastructure/repositories/pg/writers/address_group.go:208.119,209.27 1 0
netguard-pg-backend/internal/infrastructure/repositories/pg/writers/address_group.go:209.27,211.3 1 0
netguard-pg-backend/internal/infrastructure/repositories/pg/writers/address_group.go:214.2,218.33 4 0
netguard-pg-backend/internal/infrastructure/repositories/pg/writers/address_group.go:218.33,222.3 3 0
netguard-pg-backend/internal/infrastructure/repositories/pg/writers/address_group.go:225.2,235.16 4 0
netguard-pg-backend/internal/infrastructure/repositories/pg/writers/address_group.go:235.16,237.3 1 0
netguard-pg-backend/internal/infrastructure/repositories/pg/writers/address_group.go:240.2,244.52 2 0
netguard-pg-backend/internal/infrastructure/repositories/pg/writers/address_group.go:244.52,246.3 1 0
netguard-pg-backend/internal/infrastructure/repositories/pg/writers/address_group.go:248.2,248.12 1 0
netguard-pg-backend/internal/infrastructure/repositories/pg/writers/address_group.go:252.150,255.27 2 0
netguard-pg-backend/internal/infrastructure/repositories/pg/writers/address_group.go:255.27,256.51 1 0
netguard-pg-backend/internal/infrastructure/repositories/pg/writers/address_group.go:256.51,258.9 2 0
netguard-pg-backend/internal/infrastructure/repositories/pg/writers/address_group.go:263.2,263.55 1 0
netguard-pg-backend/internal/infrastructure/repositories/pg/writers/address_group.go:263.55,264.73 1 0
netguard-pg-backend/internal/infrastructure/repositories/pg/writers/address_group.go:264.73,266.4 1 0
netguard-pg-backend/internal/infrastructure/repositories/pg/writers/address_group.go:269.2,269.16 1 0
netguard-pg-backend/internal/infrastructure/repositories/pg/writers/address_group.go:270.27,272.36 2 0
netguard-pg-backend/internal/infrastructure/repositories/pg/writers/address_group.go:272.36,274.4 1 0
netguard-pg-backend/internal/infrastructure/repositories/pg/writers/address_group.go:275.3,275.85 1 0
netguard-pg-backend/internal/infrastructure/repositories/pg/writers/address_group.go:275.85,277.4 1 0
netguard-pg-backend/internal/infrastructure/repositories/pg/writers/address_group.go:278.50,279.27 1 0
netguard-pg-backend/internal/infrastructure/repositories/pg/writers/address_group.go:279.27,280.34 1 0
netguard-pg-backend/internal/infrastructure/repositories/pg/writers/address_group.go:280.34,282.5 1 0
netguard-pg-backend/internal/infrastructure/repositories/pg/writers/address_group.go:284.4,284.72 1 0
netguard-pg-backend/internal/infrastructure/repositories/pg/writers/address_group.go:284.72,286.5 1 0
netguard-pg-backend/internal/infrastructure/repositories/pg/writers/address_group.go:288.10,289.75 1 0
netguard-pg-backend/internal/infrastructure/repositories/pg/writers/address_group.go:292.2,292.12 1 0
netguard-pg-backend/internal/infrastructure/repositories/pg/writers/address_group.go:296.107,298.16 2 0
netguard-pg-backend/internal/infrastructure/repositories/pg/writers/address_group.go:298.16,300.3 1 0
netguard-pg-backend/internal/infrastructure/repositories/pg/writers/address_group.go:302.2,303.16 2 0
netguard-pg-backend/internal/infrastructure/repositories/pg/writers/address_group.go:303.16,305.3 1 0
netguard-pg-backend/internal/infrastructure/repositories/pg/writers/address_group.go:308.2,313.35 5 0
netguard-pg-backend/internal/infrastructure/repositories/pg/writers/address_group.go:313.35,320.17 3 0
netguard-pg-backend/internal/infrastructure/repositories/pg/writers/address_group.go:320.17,322.4 1 0
netguard-pg-backend/internal/infrastructure/repositories/pg/writers/address_group.go:323.8,330.17 3 0
netguard-pg-backend/internal/infrastructure/repositories/pg/writers/address_group.go:330.17,332.4 1 0
netguard-pg-backend/internal/infrastructure/repositories/pg/writers/address_group.go:336.2,354.16 2 0
netguard-pg-backend/internal/infrastructure/repositories/pg/writers/address_group.go:354.16,356.3 1 0
netguard-pg-backend/internal/infrastructure/repositories/pg/writers/address_group.go:358.2,358.12 1 0
netguard-pg-backend/internal/infrastructure/repositories/pg/writers/address_group.go:362.98,363.21 1 0
netguard-pg-backend/internal/infrastructure/repositories/pg/writers/address_group.go:363.21,365.3 1 0
netguard-pg-backend/internal/infrastructure/repositories/pg/writers/address_group.go:367.2,368.23 2 0
netguard-pg-backend/internal/infrastructure/repositories/pg/writers/address_group.go:368.23,370.3 1 0
netguard-pg-backend/internal/infrastructure/repositories/pg/writers/address_group.go:372.2,375.52 2 0
netguard-pg-backend/internal/infrastructure/repositories/pg/writers/address_group.go:375.52,377.3 1 0
netguard-pg-backend/internal/infrastructure/repositories/pg/writers/address_group.go:379.2,379.12 1 0
netguard-pg-backend/internal/infrastructure/repositories/pg/writers/address_group.go:383.126,384.27 1 0
netguard-pg-backend/internal/infrastructure/repositories/pg/writers/address_group.go:384.27,386.3 1 0
netguard-pg-backend/internal/infrastructure/repositories/pg/writers/address_group.go:389.2,393.33 4 0
netguard-pg-backend/internal/infrastructure/repositories/pg/writers/address_group.go:393.33,397.3 3 0
netguard-pg-backend/internal/infrastructure/repositories/pg/writers/address_group.go:400.2,410.16 4 0
netguard-pg-backend/internal/infrastructure/repositories/pg/writers/address_group.go:410.16,413.3 1 0
netguard-pg-backend/internal/infrastructure/repositories/pg/writers/address_group.go:416.2,420.52 2 0
netguard-pg-backend/internal/infrastructure/repositories/pg/writers/address_group.go:420.52,422.3 1 0
netguard-pg-backend/internal/infrastructure/repositories/pg/writers/address_group.go:424.2,424.12 1 0
netguard-pg-backend/internal/infrastructure/repositories/pg/writers/address_group.go:428.158,430.22 1 0
netguard-pg-backend/internal/infrastructure/repositories/pg/writers/address_group.go:430.22,431.77 1 0
netguard-pg-backend/internal/infrastructure/repositories/pg/writers/address_group.go:431.77,433.4 1 0
netguard-pg-backend/internal/infrastructure/repositories/pg/writers/address_group.go:437.2,437.26 1 0
netguard-pg-backend/internal/infrastructure/repositories/pg/writers/address_group.go:437.26,438.33 1 0
netguard-pg-backend/internal/infrastructure/repositories/pg/writers/address_group.go:438.33,440.4 1 0
netguard-pg-backend/internal/infrastructure/repositories/pg/writers/address_group.go:442.3,442.75 1 0
netguard-pg-backend/internal/infrastructure/repositories/pg/writers/address_group.go:442.75,444.4 1 0
netguard-pg-backend/internal/infrastructure/repositories/pg/writers/address_group.go:447.2,447.12 1 0
netguard-pg-backend/internal/infrastructure/repositories/pg/writers/address_group.go:451.115,454.16 2 0
netguard-pg-backend/internal/infrastructure/repositories/pg/writers/address_group.go:454.16,456.3 1 0
netguard-pg-backend/internal/infrastructure/repositories/pg/writers/address_group.go:459.2,460.16 2 0
netguard-pg-backend/internal/infrastructure/repositories/pg/writers/address_group.go:460.16,462.3 1 0
netguard-pg-backend/internal/infrastructure/repositories/pg/writers/address_group.go:464.2,465.16 2 0
netguard-pg-backend/internal/infrastructure/repositories/pg/writers/address_group.go:465.16,467.3 1 0
netguard-pg-backend/internal/infrastructure/repositories/pg/writers/address_group.go:470.2,475.35 5 0
netguard-pg-backend/internal/infrastructure/repositories/pg/writers/address_group.go:475.35,483.17 3 0
netguard-pg-backend/internal/infrastructure/repositories/pg/writers/address_group.go:483.17,485.4 1 0
netguard-pg-backend/internal/infrastructure/repositories/pg/writers/address_group.go:486.8,493.17 3 0
netguard-pg-backend/internal/infrastructure/repositories/pg/writers/address_group.go:493.17,495.4 1 0
netguard-pg-backend/internal/infrastructure/repositories/pg/writers/address_group.go:499.2,511.16 2 0
netguard-pg-backend/internal/infrastructure/repositories/pg/writers/address_group.go:511.16,513.3 1 0
netguard-pg-backend/internal/infrastructure/repositories/pg/writers/address_group.go:515.2,515.12 1 0
netguard-pg-backend/internal/infrastructure/repositories/pg/writers/address_group.go:519.102,520.21 1 0
netguard-pg-backend/internal/infrastructure/repositories/pg/writers/address_group.go:520.21,522.3 1 0
netguard-pg-backend/internal/infrastructure/repositories/pg/writers/address_group.go:524.2,525.23 2 0
netguard-pg-backend/internal/infrastructure/repositories/pg/writers/address_group.go:525.23,527.3 1 0
netguard-pg-backend/internal/infrastructure/repositories/pg/writers/address_group.go:529.2,532.52 2 0
netguard-pg-backend/internal/infrastructure/repositories/pg/writers/address_group.go:532.52,534.3 1 0
netguard-pg-backend/internal/infrastructure/repositories/pg/writers/address_group.go:536.2,536.12 1 0
netguard-pg-backend/internal/infrastructure/repositories/pg/writers/address_group.go:540.130,541.27 1 0
netguard-pg-backend/internal/infrastructure/repositories/pg/writers/address_group.go:541.27,543.3 1 0
netguard-pg-backend/internal/infrastructure/repositories/pg/writers/address_group.go:546.2,550.33 4 0
netguard-pg-backend/internal/infrastructure/repositories/pg/writers/address_group.go:550.33,554.3 3 0
netguard-pg-backend/internal/infrastructure/repositories/pg/writers/address_group.go:557.2,567.16 4 0
netguard-pg-backend/internal/infrastructure/repositories/pg/writers/address_group.go:567.16,570.3 1 0
netguard-pg-backend/internal/infrastructure/repositories/pg/writers/address_group.go:573.2,577.52 2 0
netguard-pg-backend/internal/infrastructure/repositories/pg/writers/address_group.go:577.52,579.3 1 0
netguard-pg-backend/internal/infrastructure/repositories/pg/writers/address_group.go:581.2,581.12 1 0
netguard-pg-backend/internal/infrastructure/repositories/pg/writers/address_group.go:585.163,587.22 1 0
netguard-pg-backend/internal/infrastructure/repositories/pg/writers/address_group.go:587.22,588.80 1 0
netguard-pg-backend/internal/infrastructure/repositories/pg/writers/address_group.go:588.80,590.4 1 0
netguard-pg-backend/internal/infrastructure/repositories/pg/writers/address_group.go:593.2,593.26 1 0
netguard-pg-backend/internal/infrastructure/repositories/pg/writers/address_group.go:593.26,594.33 1 0
netguard-pg-backend/internal/infrastructure/repositories/pg/writers/address_group.go:594.33,596.4 1 0
netguard-pg-backend/internal/infrastructure/repositories/pg/writers/address_group.go:598.3,598.77 1 0
netguard-pg-backend/internal/infrastructure/repositories/pg/writers/address_group.go:598.77,600.4 1 0
netguard-pg-backend/internal/infrastructure/repositories/pg/writers/address_group.go:603.2,603.12 1 0
netguard-pg-backend/internal/infrastructure/repositories/pg/writers/address_group.go:607.118,610.16 2 0
netguard-pg-backend/internal/infrastructure/repositories/pg/writers/address_group.go:610.16,612.3 1 0
netguard-pg-backend/internal/infrastructure/repositories/pg/writers/address_group.go:614.2,615.16 2 0
netguard-pg-backend/internal/infrastructure/repositories/pg/writers/address_group.go:615.16,617.3 1 0
netguard-pg-backend/internal/infrastructure/repositories/pg/writers/address_group.go:620.2,625.35 5 0
netguard-pg-backend/internal/infrastructure/repositories/pg/writers/address_group.go:625.35,633.17 3 0
netguard-pg-backend/internal/infrastructure/repositories/pg/writers/address_group.go:633.17,635.4 1 0
netguard-pg-backend/internal/infrastructure/repositories/pg/writers/address_group.go:636.8,643.17 3 0
netguard-pg-backend/internal/infrastructure/repositories/pg/writers/address_group.go:643.17,645.4 1 0
netguard-pg-backend/internal/infrastructure/repositories/pg/writers/address_group.go:648.2,649.16 2 0
netguard-pg-backend/internal/infrastructure/repositories/pg/writers/address_group.go:649.16,651.3 1 0
netguard-pg-backend/internal/infrastructure/repositories/pg/writers/address_group.go:653.2,654.16 2 0
netguard-pg-backend/internal/infrastructure/repositories/pg/writers/address_group.go:654.16,656.3 1 0
netguard-pg-backend/internal/infrastructure/repositories/pg/writers/address_group.go:659.2,673.16 2 0
netguard-pg-backend/internal/infrastructure/repositories/pg/writers/address_group.go:673.16,675.3 1 0
netguard-pg-backend/internal/infrastructure/repositories/pg/writers/address_group.go:677.2,677.12 1 0
netguard-pg-backend/internal/infrastructure/repositories/pg/writers/address_group.go:681.105,682.21 1 0
netguard-pg-backend/internal/infrastructure/repositories/pg/writers/address_group.go:682.21,684.3 1 0
netguard-pg-backend/internal/infrastructure/repositories/pg/writers/address_group.go:686.2,687.23 2 0
netguard-pg-backend/internal/infrastructure/repositories/pg/writers/address_group.go:687.23,689.3 1 0
netguard-pg-backend/internal/infrastructure/repositories/pg/writers/address_group.go:691.2,694.52 2 0
netguard-pg-backend/internal/infrastructure/repositories/pg/writers/address_group.go:694.52,696.3 1 0
netguard-pg-backend/internal/infrastructure/repositories/pg/writers/address_group.go:698.2,698.12 1 0
netguard-pg-backend/internal/infrastructure/repositories/pg/writers/address_group.go:702.125,704.2 1 0
netguard-pg-backend/internal/infrastructure/repositories/pg/writers/address_group.go:706.132,708.2 1 0
netguard-pg-backend/internal/infrastructure/repositories/pg/writers/address_group.go:710.136,712.2 1 0
netguard-pg-backend/internal/infrastructure/repositories/pg/writers/address_group.go:714.139,715.19 1 0
netguard-pg-backend/internal/infrastructure/repositories/pg/writers/address_group.go:715.19,717.3 1 0
netguard-pg-backend/internal/infrastructure/repositories/pg/writers/address_group.go:720.2,724.25 4 0
netguard-pg-backend/internal/infrastructure/repositories/pg/writers/address_group.go:724.25,728.3 3 0
netguard-pg-backend/internal/infrastructure/repositories/pg/writers/address_group.go:731.2,741.16 4 0
netguard-pg-backend/internal/infrastructure/repositories/pg/writers/address_group.go:741.16,744.3 1 0
netguard-pg-backend/internal/infrastructure/repositories/pg/writers/address_group.go:747.2,751.52 2 0
netguard-pg-backend/internal/infrastructure/repositories/pg/writers/address_group.go:751.52,753.3 1 0
netguard-pg-backend/internal/infrastructure/repositories/pg/writers/address_group.go:755.2,755.12 1 0
netguard-pg-backend/internal/infrastructure/repositories/pg/writers/address_group.go:759.99,771.16 3 0
netguard-pg-backend/internal/infrastructure/repositories/pg/writers/address_group.go:771.16,773.3 1 0
netguard-pg-backend/internal/infrastructure/repositories/pg/writers/address_group.go:776.2,777.16 2 0
netguard-pg-backend/internal/infrastructure/repositories/pg/writers/address_group.go:777.16,779.3 1 0
netguard-pg-backend/internal/infrastructure/repositories/pg/writers/address_group.go:782.2,794.60 3 0
netguard-pg-backend/internal/infrastructure/repositories/pg/writers/address_group.go:794.60,796.3 1 0
netguard-pg-backend/internal/infrastructure/repositories/pg/writers/address_group.go:798.2,803.12 2 0
netguard-pg-backend/internal/infrastructure/repositories/pg/writers/host.go:27.49,29.2 1 0
netguard-pg-backend/internal/infrastructure/repositories/pg/writers/host.go:31.49,33.2 1 0
netguard-pg-backend/internal/infrastructure/repositories/pg/writers/host.go:36.120,38.30 2 0
netguard-pg-backend/internal/infrastructure/repositories/pg/writers/host.go:38.30,39.51 1 0
netguard-pg-backend/internal/infrastructure/repositories/pg/writers/host.go:39.51,41.9 2 0
netguard-pg-backend/internal/infrastructure/repositories/pg/writers/host.go:45.2,45.55 1 0
netguard-pg-backend/internal/infrastructure/repositories/pg/writers/host.go:45.55,46.58 1 0
netguard-pg-backend/internal/infrastructure/repositories/pg/writers/host.go:46.58,48.4 1 0
netguard-pg-backend/internal/infrastructure/repositories/pg/writers/host.go:51.2,51.16 1 0
netguard-pg-backend/internal/infrastructure/repositories/pg/writers/host.go:52.27,55.30 2 0
netguard-pg-backend/internal/infrastructure/repositories/pg/writers/host.go:55.30,60.4 1 0
netguard-pg-backend/internal/infrastructure/repositories/pg/writers/host.go:61.3,61.62 1 0
netguard-pg-backend/internal/infrastructure/repositories/pg/writers/host.go:61.62,63.4 1 0
netguard-pg-backend/internal/infrastructure/repositories/pg/writers/host.go:64.50,65.24 1 0
netguard-pg-backend/internal/infrastructure/repositories/pg/writers/host.go:65.24,66.55 1 0
netguard-pg-backend/internal/infrastructure/repositories/pg/writers/host.go:66.55,68.49 1 0
netguard-pg-backend/internal/infrastructure/repositories/pg/writers/host.go:68.49,74.6 1 0
netguard-pg-backend/internal/infrastructure/repositories/pg/writers/host.go:75.5,75.95 1 0
netguard-pg-backend/internal/infrastructure/repositories/pg/writers/host.go:80.2,80.12 1 0
netguard-pg-backend/internal/infrastructure/repositories/pg/writers/host.go:84.75,87.16 2 0
netguard-pg-backend/internal/infrastructure/repositories/pg/writers/host.go:87.16,89.3 1 0
netguard-pg-backend/internal/infrastructure/repositories/pg/writers/host.go:91.2,92.16 2 0
netguard-pg-backend/internal/infrastructure/repositories/pg/writers/host.go:92.16,94.3 1 0
netguard-pg-backend/internal/infrastructure/repositories/pg/writers/host.go:96.2,103.76 7 0
netguard-pg-backend/internal/infrastructure/repositories/pg/writers/host.go:103.76,105.3 1 0
netguard-pg-backend/internal/infrastructure/repositories/pg/writers/host.go:107.2,107.48 1 0
netguard-pg-backend/internal/infrastructure/repositories/pg/writers/host.go:107.48,109.17 2 0
netguard-pg-backend/internal/infrastructure/repositories/pg/writers/host.go:109.17,111.4 1 0
netguard-pg-backend/internal/infrastructure/repositories/pg/writers/host.go:112.8,112.36 1 0
netguard-pg-backend/internal/infrastructure/repositories/pg/writers/host.go:112.36,114.3 1 0
netguard-pg-backend/internal/infrastructure/repositories/pg/writers/host.go:117.2,123.16 4 0
netguard-pg-backend/internal/infrastructure/repositories/pg/writers/host.go:123.16,125.3 1 0
netguard-pg-backend/internal/infrastructure/repositories/pg/writers/host.go:127.2,130.25 3 0
netguard-pg-backend/internal/infrastructure/repositories/pg/writers/host.go:130.25,132.3 1 0
netguard-pg-backend/internal/infrastructure/repositories/pg/writers/host.go:133.2,133.33 1 0
netguard-pg-backend/internal/infrastructure/repositories/pg/writers/host.go:133.33,135.3 1 0
netguard-pg-backend/internal/infrastructure/repositories/pg/writers/host.go:137.2,138.28 2 0
netguard-pg-backend/internal/infrastructure/repositories/pg/writers/host.go:138.28,141.3 2 0
netguard-pg-backend/internal/infrastructure/repositories/pg/writers/host.go:143.2,144.33 2 0
netguard-pg-backend/internal/infrastructure/repositories/pg/writers/host.go:144.33,147.3 2 0
netguard-pg-backend/internal/infrastructure/repositories/pg/writers/host.go:149.2,178.16 3 0
netguard-pg-backend/internal/infrastructure/repositories/pg/writers/host.go:178.16,180.3 1 0
netguard-pg-backend/internal/infrastructure/repositories/pg/writers/host.go:185.2,185.59 1 0
netguard-pg-backend/internal/infrastructure/repositories/pg/writers/host.go:185.59,187.3 1 0
netguard-pg-backend/internal/infrastructure/repositories/pg/writers/host.go:189.2,189.12 1 0
netguard-pg-backend/internal/infrastructure/repositories/pg/writers/host.go:193.86,205.16 3 0
netguard-pg-backend/internal/infrastructure/repositories/pg/writers/host.go:205.16,207.3 1 0
netguard-pg-backend/internal/infrastructure/repositories/pg/writers/host.go:210.2,211.16 2 0
netguard-pg-backend/internal/infrastructure/repositories/pg/writers/host.go:211.16,213.3 1 0
netguard-pg-backend/internal/infrastructure/repositories/pg/writers/host.go:216.2,228.60 3 0
netguard-pg-backend/internal/infrastructure/repositories/pg/writers/host.go:228.60,230.3 1 0
netguard-pg-backend/internal/infrastructure/repositories/pg/writers/host.go:232.2,237.12 2 0
netguard-pg-backend/internal/infrastructure/repositories/pg/writers/host.go:241.83,242.21 1 0
netguard-pg-backend/internal/infrastructure/repositories/pg/writers/host.go:242.21,244.3 1 0
netguard-pg-backend/internal/infrastructure/repositories/pg/writers/host.go:246.2,246.27 1 0
netguard-pg-backend/internal/infrastructure/repositories/pg/writers/host.go:247.37,248.18 1 0
netguard-pg-backend/internal/infrastructure/repositories/pg/writers/host.go:248.18,250.4 1 0
netguard-pg-backend/internal/infrastructure/repositories/pg/writers/host.go:253.3,257.36 4 0
netguard-pg-backend/internal/infrastructure/repositories/pg/writers/host.go:257.36,261.4 3 0
netguard-pg-backend/internal/infrastructure/repositories/pg/writers/host.go:263.3,265.76 3 0
netguard-pg-backend/internal/infrastructure/repositories/pg/writers/host.go:267.10,268.79 1 0
netguard-pg-backend/internal/infrastructure/repositories/pg/writers/host.go:273.120,274.19 1 0
netguard-pg-backend/internal/infrastructure/repositories/pg/writers/host.go:274.19,276.3 1 0
netguard-pg-backend/internal/infrastructure/repositories/pg/writers/host.go:279.2,283.25 4 0
netguard-pg-backend/internal/infrastructure/repositories/pg/writers/host.go:283.25,287.3 3 0
netguard-pg-backend/internal/infrastructure/repositories/pg/writers/host.go:290.2,300.16 4 0
netguard-pg-backend/internal/infrastructure/repositories/pg/writers/host.go:300.16,303.3 1 0
netguard-pg-backend/internal/infrastructure/repositories/pg/writers/host.go:306.2,308.16 3 0
netguard-pg-backend/internal/infrastructure/repositories/pg/writers/host.go:308.16,310.3 1 0
netguard-pg-backend/internal/infrastructure/repositories/pg/writers/host.go:312.2,312.12 1 0
netguard-pg-backend/internal/infrastructure/repositories/pg/writers/host_binding.go:21.141,24.30 2 0
netguard-pg-backend/internal/infrastructure/repositories/pg/writers/host_binding.go:24.30,25.51 1 0
netguard-pg-backend/internal/infrastructure/repositories/pg/writers/host_binding.go:25.51,27.9 2 0
netguard-pg-backend/internal/infrastructure/repositories/pg/writers/host_binding.go:32.2,32.55 1 0
netguard-pg-backend/internal/infrastructure/repositories/pg/writers/host_binding.go:32.55,33.65 1 0
netguard-pg-backend/internal/infrastructure/repositories/pg/writers/host_binding.go:33.65,35.4 1 0
netguard-pg-backend/internal/infrastructure/repositories/pg/writers/host_binding.go:39.2,39.16 1 0
netguard-pg-backend/internal/infrastructure/repositories/pg/writers/host_binding.go:40.27,43.40 2 0
netguard-pg-backend/internal/infrastructure/repositories/pg/writers/host_binding.go:43.40,48.4 1 0
netguard-pg-backend/internal/infrastructure/repositories/pg/writers/host_binding.go:49.3,49.69 1 0
netguard-pg-backend/internal/infrastructure/repositories/pg/writers/host_binding.go:49.69,51.4 1 0
netguard-pg-backend/internal/infrastructure/repositories/pg/writers/host_binding.go:52.50,54.31 1 0
netguard-pg-backend/internal/infrastructure/repositories/pg/writers/host_binding.go:54.31,55.69 1 0
netguard-pg-backend/internal/infrastructure/repositories/pg/writers/host_binding.go:55.69,57.77 1 0
netguard-pg-backend/internal/infrastructure/repositories/pg/writers/host_binding.go:57.77,59.6 1 0
netguard-pg-backend/internal/infrastructure/repositories/pg/writers/host_binding.go:60.5,60.117 1 0
netguard-pg-backend/internal/infrastructure/repositories/pg/writers/host_binding.go:63.10,64.65 1 0
netguard-pg-backend/internal/infrastructure/repositories/pg/writers/host_binding.go:67.2,67.12 1 0
netguard-pg-backend/internal/infrastructure/repositories/pg/writers/host_binding.go:71.96,74.16 2 0
netguard-pg-backend/internal/infrastructure/repositories/pg/writers/host_binding.go:74.16,76.3 1 0
netguard-pg-backend/internal/infrastructure/repositories/pg/writers/host_binding.go:78.2,79.16 2 0
netguard-pg-backend/internal/infrastructure/repositories/pg/writers/host_binding.go:79.16,81.3 1 0
netguard-pg-backend/internal/infrastructure/repositories/pg/writers/host_binding.go:85.2,91.16 4 0
netguard-pg-backend/internal/infrastructure/repositories/pg/writers/host_binding.go:91.16,93.3 1 0
netguard-pg-backend/internal/infrastructure/repositories/pg/writers/host_binding.go:96.2,119.16 4 0
netguard-pg-backend/internal/infrastructure/repositories/pg/writers/host_binding.go:119.16,121.3 1 0
netguard-pg-backend/internal/infrastructure/repositories/pg/writers/host_binding.go:126.2,126.73 1 0
netguard-pg-backend/internal/infrastructure/repositories/pg/writers/host_binding.go:126.73,128.3 1 0
netguard-pg-backend/internal/infrastructure/repositories/pg/writers/host_binding.go:130.2,130.12 1 0
netguard-pg-backend/internal/infrastructure/repositories/pg/writers/host_binding.go:134.90,135.21 1 0
netguard-pg-backend/internal/infrastructure/repositories/pg/writers/host_binding.go:135.21,137.3 1 0
netguard-pg-backend/internal/infrastructure/repositories/pg/writers/host_binding.go:139.2,139.27 1 0
netguard-pg-backend/internal/infrastructure/repositories/pg/writers/host_binding.go:140.37,141.18 1 0
netguard-pg-backend/internal/infrastructure/repositories/pg/writers/host_binding.go:141.18,143.4 1 0
netguard-pg-backend/internal/infrastructure/repositories/pg/writers/host_binding.go:146.3,150.36 4 0
netguard-pg-backend/internal/infrastructure/repositories/pg/writers/host_binding.go:150.36,154.4 3 0
netguard-pg-backend/internal/infrastructure/repositories/pg/writers/host_binding.go:156.3,158.84 3 0
netguard-pg-backend/internal/infrastructure/repositories/pg/writers/host_binding.go:160.10,161.87 1 0
netguard-pg-backend/internal/infrastructure/repositories/pg/writers/host_binding.go:166.127,167.19 1 0
netguard-pg-backend/internal/infrastructure/repositories/pg/writers/host_binding.go:167.19,169.3 1 0
netguard-pg-backend/internal/infrastructure/repositories/pg/writers/host_binding.go:172.2,176.25 4 0
netguard-pg-backend/internal/infrastructure/repositories/pg/writers/host_binding.go:176.25,180.3 3 0
netguard-pg-backend/internal/infrastructure/repositories/pg/writers/host_binding.go:183.2,193.16 4 0
netguard-pg-backend/internal/infrastructure/repositories/pg/writers/host_binding.go:193.16,196.3 1 0
netguard-pg-backend/internal/infrastructure/repositories/pg/writers/host_binding.go:199.2,201.16 3 0
netguard-pg-backend/internal/infrastructure/repositories/pg/writers/host_binding.go:201.16,203.3 1 0
netguard-pg-backend/internal/infrastructure/repositories/pg/writers/host_binding.go:205.2,205.12 1 0
netguard-pg-backend/internal/infrastructure/repositories/pg/writers/host_binding.go:209.103,224.16 3 0
netguard-pg-backend/internal/infrastructure/repositories/pg/writers/host_binding.go:224.16,226.3 1 0
netguard-pg-backend/internal/infrastructure/repositories/pg/writers/host_binding.go:229.2,236.16 3 0
netguard-pg-backend/internal/infrastructure/repositories/pg/writers/host_binding.go:236.16,238.3 1 0
netguard-pg-backend/internal/infrastructure/repositories/pg/writers/host_binding.go:241.2,242.16 2 0
netguard-pg-backend/internal/infrastructure/repositories/pg/writers/host_binding.go:242.16,244.3 1 0
netguard-pg-backend/internal/infrastructure/repositories/pg/writers/host_binding.go:247.2,260.60 3 0
netguard-pg-backend/internal/infrastructure/repositories/pg/writers/host_binding.go:260.60,262.3 1 0
netguard-pg-backend/internal/infrastructure/repositories/pg/writers/host_binding.go:264.2,270.12 2 0
netguard-pg-backend/internal/infrastructure/repositories/pg/writers/ieagag_rule.go:19.132,23.30 3 0
netguard-pg-backend/internal/infrastructure/repositories/pg/writers/ieagag_rule.go:23.30,24.51 1 0
netguard-pg-backend/internal/infrastructure/repositories/pg/writers/ieagag_rule.go:24.51,26.4 1 0
netguard-pg-backend/internal/infrastructure/repositories/pg/writers/ieagag_rule.go:27.3,27.54 1 0
netguard-pg-backend/internal/infrastructure/repositories/pg/writers/ieagag_rule.go:27.54,29.4 1 0
netguard-pg-backend/internal/infrastructure/repositories/pg/writers/ieagag_rule.go:33.2,33.21 1 0
netguard-pg-backend/internal/infrastructure/repositories/pg/writers/ieagag_rule.go:33.21,34.30 1 0
netguard-pg-backend/internal/infrastructure/repositories/pg/writers/ieagag_rule.go:34.30,35.70 1 0
netguard-pg-backend/internal/infrastructure/repositories/pg/writers/ieagag_rule.go:35.70,37.5 1 0
netguard-pg-backend/internal/infrastructure/repositories/pg/writers/ieagag_rule.go:39.3,39.13 1 0
netguard-pg-backend/internal/infrastructure/repositories/pg/writers/ieagag_rule.go:43.2,43.55 1 0
netguard-pg-backend/internal/infrastructure/repositories/pg/writers/ieagag_rule.go:43.55,44.64 1 0
netguard-pg-backend/internal/infrastructure/repositories/pg/writers/ieagag_rule.go:44.64,46.4 1 0
netguard-pg-backend/internal/infrastructure/repositories/pg/writers/ieagag_rule.go:50.2,50.16 1 0
netguard-pg-backend/internal/infrastructure/repositories/pg/writers/ieagag_rule.go:51.27,54.30 2 0
netguard-pg-backend/internal/infrastructure/repositories/pg/writers/ieagag_rule.go:54.30,59.4 1 0
netguard-pg-backend/internal/infrastructure/repositories/pg/writers/ieagag_rule.go:60.3,60.68 1 0
netguard-pg-backend/internal/infrastructure/repositories/pg/writers/ieagag_rule.go:60.68,62.4 1 0
netguard-pg-backend/internal/infrastructure/repositories/pg/writers/ieagag_rule.go:63.50,65.24 1 0
netguard-pg-backend/internal/infrastructure/repositories/pg/writers/ieagag_rule.go:65.24,67.31 1 0
netguard-pg-backend/internal/infrastructure/repositories/pg/writers/ieagag_rule.go:67.31,69.5 1 0
netguard-pg-backend/internal/infrastructure/repositories/pg/writers/ieagag_rule.go:71.4,71.60 1 0
netguard-pg-backend/internal/infrastructure/repositories/pg/writers/ieagag_rule.go:71.60,73.5 1 0
netguard-pg-backend/internal/infrastructure/repositories/pg/writers/ieagag_rule.go:77.2,77.12 1 0
netguard-pg-backend/internal/infrastructure/repositories/pg/writers/ieagag_rule.go:81.86,84.16 2 0
netguard-pg-backend/internal/infrastructure/repositories/pg/writers/ieagag_rule.go:84.16,86.3 1 0
netguard-pg-backend/internal/infrastructure/repositories/pg/writers/ieagag_rule.go:88.2,89.16 2 0
netguard-pg-backend/internal/infrastructure/repositories/pg/writers/ieagag_rule.go:89.16,91.3 1 0
netguard-pg-backend/internal/infrastructure/repositories/pg/writers/ieagag_rule.go:93.2,98.35 5 0
netguard-pg-backend/internal/infrastructure/repositories/pg/writers/ieagag_rule.go:98.35,106.17 3 0
netguard-pg-backend/internal/infrastructure/repositories/pg/writers/ieagag_rule.go:106.17,108.4 1 0
netguard-pg-backend/internal/infrastructure/repositories/pg/writers/ieagag_rule.go:109.8,115.17 3 0
netguard-pg-backend/internal/infrastructure/repositories/pg/writers/ieagag_rule.go:115.17,117.4 1 0
netguard-pg-backend/internal/infrastructure/repositories/pg/writers/ieagag_rule.go:121.2,122.25 2 0
netguard-pg-backend/internal/infrastructure/repositories/pg/writers/ieagag_rule.go:122.25,124.17 2 0
netguard-pg-backend/internal/infrastructure/repositories/pg/writers/ieagag_rule.go:124.17,126.4 1 0
netguard-pg-backend/internal/infrastructure/repositories/pg/writers/ieagag_rule.go:127.8,129.3 1 0
netguard-pg-backend/internal/infrastructure/repositories/pg/writers/ieagag_rule.go:132.2,163.16 2 0
netguard-pg-backend/internal/infrastructure/repositories/pg/writers/ieagag_rule.go:163.16,165.3 1 0
netguard-pg-backend/internal/infrastructure/repositories/pg/writers/ieagag_rule.go:167.2,167.12 1 0
netguard-pg-backend/internal/infrastructure/repositories/pg/writers/ieagag_rule.go:172.100,175.16 2 0
netguard-pg-backend/internal/infrastructure/repositories/pg/writers/ieagag_rule.go:175.16,177.3 1 0
netguard-pg-backend/internal/infrastructure/repositories/pg/writers/ieagag_rule.go:180.2,183.16 4 0
netguard-pg-backend/internal/infrastructure/repositories/pg/writers/ieagag_rule.go:183.16,185.3 1 0
netguard-pg-backend/internal/infrastructure/repositories/pg/writers/ieagag_rule.go:187.2,197.16 5 0
netguard-pg-backend/internal/infrastructure/repositories/pg/writers/ieagag_rule.go:197.16,199.3 1 0
netguard-pg-backend/internal/infrastructure/repositories/pg/writers/ieagag_rule.go:201.2,201.12 1 0
netguard-pg-backend/internal/infrastructure/repositories/pg/writers/ieagag_rule.go:205.89,206.21 1 0
netguard-pg-backend/internal/infrastructure/repositories/pg/writers/ieagag_rule.go:206.21,208.3 1 0
netguard-pg-backend/internal/infrastructure/repositories/pg/writers/ieagag_rule.go:210.2,211.23 2 0
netguard-pg-backend/internal/infrastructure/repositories/pg/writers/ieagag_rule.go:211.23,213.3 1 0
netguard-pg-backend/internal/infrastructure/repositories/pg/writers/ieagag_rule.go:215.2,218.52 2 0
netguard-pg-backend/internal/infrastructure/repositories/pg/writers/ieagag_rule.go:218.52,220.3 1 0
netguard-pg-backend/internal/infrastructure/repositories/pg/writers/ieagag_rule.go:222.2,222.12 1 0
netguard-pg-backend/internal/infrastructure/repositories/pg/writers/ieagag_rule.go:226.101,227.19 1 0
netguard-pg-backend/internal/infrastructure/repositories/pg/writers/ieagag_rule.go:227.19,229.3 1 0
netguard-pg-backend/internal/infrastructure/repositories/pg/writers/ieagag_rule.go:232.2,236.25 4 0
netguard-pg-backend/internal/infrastructure/repositories/pg/writers/ieagag_rule.go:236.25,240.3 3 0
netguard-pg-backend/internal/infrastructure/repositories/pg/writers/ieagag_rule.go:243.2,253.16 4 0
netguard-pg-backend/internal/infrastructure/repositories/pg/writers/ieagag_rule.go:253.16,256.3 1 0
netguard-pg-backend/internal/infrastructure/repositories/pg/writers/ieagag_rule.go:259.2,263.52 2 0
netguard-pg-backend/internal/infrastructure/repositories/pg/writers/ieagag_rule.go:263.52,265.3 1 0
netguard-pg-backend/internal/infrastructure/repositories/pg/writers/ieagag_rule.go:267.2,267.12 1 0
netguard-pg-backend/internal/infrastructure/repositories/pg/writers/network.go:28.49,30.2 1 0
netguard-pg-backend/internal/infrastructure/repositories/pg/writers/network.go:32.49,34.2 1 0
netguard-pg-backend/internal/infrastructure/repositories/pg/writers/network.go:38.63,40.28 2 0
netguard-pg-backend/internal/infrastructure/repositories/pg/writers/network.go:40.28,42.86 1 0
netguard-pg-backend/internal/infrastructure/repositories/pg/writers/network.go:42.86,44.4 1 0
netguard-pg-backend/internal/infrastructure/repositories/pg/writers/network.go:46.2,46.14 1 0
netguard-pg-backend/internal/infrastructure/repositories/pg/writers/network.go:49.66,51.28 2 0
netguard-pg-backend/internal/infrastructure/repositories/pg/writers/network.go:51.28,53.3 1 0
netguard-pg-backend/internal/infrastructure/repositories/pg/writers/network.go:54.2,54.14 1 0
netguard-pg-backend/internal/infrastructure/repositories/pg/writers/network.go:58.129,61.30 2 0
netguard-pg-backend/internal/infrastructure/repositories/pg/writers/network.go:61.30,62.51 1 0
netguard-pg-backend/internal/infrastructure/repositories/pg/writers/network.go:62.51,64.9 2 0
netguard-pg-backend/internal/infrastructure/repositories/pg/writers/network.go:69.2,69.55 1 0
netguard-pg-backend/internal/infrastructure/repositories/pg/writers/network.go:69.55,70.61 1 0
netguard-pg-backend/internal/infrastructure/repositories/pg/writers/network.go:70.61,72.4 1 0
netguard-pg-backend/internal/infrastructure/repositories/pg/writers/network.go:76.2,76.16 1 0
netguard-pg-backend/internal/infrastructure/repositories/pg/writers/network.go:77.27,80.36 2 0
netguard-pg-backend/internal/infrastructure/repositories/pg/writers/network.go:80.36,85.4 1 0
netguard-pg-backend/internal/infrastructure/repositories/pg/writers/network.go:86.3,86.65 1 0
netguard-pg-backend/internal/infrastructure/repositories/pg/writers/network.go:86.65,88.4 1 0
netguard-pg-backend/internal/infrastructure/repositories/pg/writers/network.go:89.50,91.27 1 0
netguard-pg-backend/internal/infrastructure/repositories/pg/writers/network.go:91.27,93.34 1 0
netguard-pg-backend/internal/infrastructure/repositories/pg/writers/network.go:93.34,95.5 1 0
netguard-pg-backend/internal/infrastructure/repositories/pg/writers/network.go:97.4,97.61 1 0
netguard-pg-backend/internal/infrastructure/repositories/pg/writers/network.go:97.61,99.5 1 0
netguard-pg-backend/internal/infrastructure/repositories/pg/writers/network.go:103.2,103.12 1 0
netguard-pg-backend/internal/infrastructure/repositories/pg/writers/network.go:107.84,110.16 2 0
netguard-pg-backend/internal/infrastructure/repositories/pg/writers/network.go:110.16,112.3 1 0
netguard-pg-backend/internal/infrastructure/repositories/pg/writers/network.go:114.2,115.16 2 0
netguard-pg-backend/internal/infrastructure/repositories/pg/writers/network.go:115.16,117.3 1 0
netguard-pg-backend/internal/infrastructure/repositories/pg/writers/network.go:119.2,125.16 4 0
netguard-pg-backend/internal/infrastructure/repositories/pg/writers/network.go:125.16,127.3 1 0
netguard-pg-backend/internal/infrastructure/repositories/pg/writers/network.go:130.2,137.16 4 0
netguard-pg-backend/internal/infrastructure/repositories/pg/writers/network.go:137.16,139.3 1 0
netguard-pg-backend/internal/infrastructure/repositories/pg/writers/network.go:142.2,143.31 2 0
netguard-pg-backend/internal/infrastructure/repositories/pg/writers/network.go:143.31,146.3 2 0
netguard-pg-backend/internal/infrastructure/repositories/pg/writers/network.go:147.2,147.36 1 0
netguard-pg-backend/internal/infrastructure/repositories/pg/writers/network.go:147.36,150.3 2 0
netguard-pg-backend/internal/infrastructure/repositories/pg/writers/network.go:153.2,180.16 2 0
netguard-pg-backend/internal/infrastructure/repositories/pg/writers/network.go:180.16,181.57 1 0
netguard-pg-backend/internal/infrastructure/repositories/pg/writers/network.go:181.57,187.4 1 0
netguard-pg-backend/internal/infrastructure/repositories/pg/writers/network.go:189.3,189.65 1 0
netguard-pg-backend/internal/infrastructure/repositories/pg/writers/network.go:189.65,194.4 1 0
netguard-pg-backend/internal/infrastructure/repositories/pg/writers/network.go:196.3,196.94 1 0
netguard-pg-backend/internal/infrastructure/repositories/pg/writers/network.go:202.2,202.65 1 0
netguard-pg-backend/internal/infrastructure/repositories/pg/writers/network.go:202.65,204.3 1 0
netguard-pg-backend/internal/infrastructure/repositories/pg/writers/network.go:206.2,206.12 1 0
netguard-pg-backend/internal/infrastructure/repositories/pg/writers/network.go:210.95,220.16 3 0
netguard-pg-backend/internal/infrastructure/repositories/pg/writers/network.go:220.16,222.3 1 0
netguard-pg-backend/internal/infrastructure/repositories/pg/writers/network.go:225.2,226.16 2 0
netguard-pg-backend/internal/infrastructure/repositories/pg/writers/network.go:226.16,228.3 1 0
netguard-pg-backend/internal/infrastructure/repositories/pg/writers/network.go:231.2,243.60 3 0
netguard-pg-backend/internal/infrastructure/repositories/pg/writers/network.go:243.60,245.3 1 0
netguard-pg-backend/internal/infrastructure/repositories/pg/writers/network.go:247.2,252.12 2 0
netguard-pg-backend/internal/infrastructure/repositories/pg/writers/network.go:256.86,257.21 1 0
netguard-pg-backend/internal/infrastructure/repositories/pg/writers/network.go:257.21,259.3 1 0
netguard-pg-backend/internal/infrastructure/repositories/pg/writers/network.go:261.2,262.23 2 0
netguard-pg-backend/internal/infrastructure/repositories/pg/writers/network.go:262.23,264.3 1 0
netguard-pg-backend/internal/infrastructure/repositories/pg/writers/network.go:266.2,269.52 2 0
netguard-pg-backend/internal/infrastructure/repositories/pg/writers/network.go:269.52,271.3 1 0
netguard-pg-backend/internal/infrastructure/repositories/pg/writers/network.go:273.2,273.12 1 0
netguard-pg-backend/internal/infrastructure/repositories/pg/writers/network.go:277.98,278.19 1 0
netguard-pg-backend/internal/infrastructure/repositories/pg/writers/network.go:278.19,280.3 1 0
netguard-pg-backend/internal/infrastructure/repositories/pg/writers/network.go:283.2,287.25 4 0
netguard-pg-backend/internal/infrastructure/repositories/pg/writers/network.go:287.25,291.3 3 0
netguard-pg-backend/internal/infrastructure/repositories/pg/writers/network.go:294.2,304.16 4 0
netguard-pg-backend/internal/infrastructure/repositories/pg/writers/network.go:304.16,307.3 1 0
netguard-pg-backend/internal/infrastructure/repositories/pg/writers/network.go:310.2,314.52 2 0
netguard-pg-backend/internal/infrastructure/repositories/pg/writers/network.go:314.52,316.3 1 0
netguard-pg-backend/internal/infrastructure/repositories/pg/writers/network.go:318.2,318.12 1 0
netguard-pg-backend/internal/infrastructure/repositories/pg/writers/network_binding.go:21.150,24.30 2 0
netguard-pg-backend/internal/infrastructure/repositories/pg/writers/network_binding.go:24.30,25.51 1 0
netguard-pg-backend/internal/infrastructure/repositories/pg/writers/network_binding.go:25.51,27.9 2 0
netguard-pg-backend/internal/infrastructure/repositories/pg/writers/network_binding.go:32.2,32.55 1 0
netguard-pg-backend/internal/infrastructure/repositories/pg/writers/network_binding.go:32.55,33.68 1 0
netguard-pg-backend/internal/infrastructure/repositories/pg/writers/network_binding.go:33.68,35.4 1 0
netguard-pg-backend/internal/infrastructure/repositories/pg/writers/network_binding.go:39.2,39.16 1 0
netguard-pg-backend/internal/infrastructure/repositories/pg/writers/network_binding.go:40.27,43.43 2 0
netguard-pg-backend/internal/infrastructure/repositories/pg/writers/network_binding.go:43.43,48.4 1 0
netguard-pg-backend/internal/infrastructure/repositories/pg/writers/network_binding.go:49.3,49.72 1 0
netguard-pg-backend/internal/infrastructure/repositories/pg/writers/network_binding.go:49.72,51.4 1 0
netguard-pg-backend/internal/infrastructure/repositories/pg/writers/network_binding.go:52.50,54.34 1 0
netguard-pg-backend/internal/infrastructure/repositories/pg/writers/network_binding.go:54.34,56.41 1 0
netguard-pg-backend/internal/infrastructure/repositories/pg/writers/network_binding.go:56.41,58.5 1 0
netguard-pg-backend/internal/infrastructure/repositories/pg/writers/network_binding.go:60.4,60.75 1 0
netguard-pg-backend/internal/infrastructure/repositories/pg/writers/network_binding.go:60.75,62.5 1 0
netguard-pg-backend/internal/infrastructure/repositories/pg/writers/network_binding.go:66.2,66.12 1 0
netguard-pg-backend/internal/infrastructure/repositories/pg/writers/network_binding.go:70.98,73.16 2 0
netguard-pg-backend/internal/infrastructure/repositories/pg/writers/network_binding.go:73.16,75.3 1 0
netguard-pg-backend/internal/infrastructure/repositories/pg/writers/network_binding.go:77.2,78.16 2 0
netguard-pg-backend/internal/infrastructure/repositories/pg/writers/network_binding.go:78.16,80.3 1 0
netguard-pg-backend/internal/infrastructure/repositories/pg/writers/network_binding.go:84.2,90.16 4 0
netguard-pg-backend/internal/infrastructure/repositories/pg/writers/network_binding.go:90.16,92.3 1 0
netguard-pg-backend/internal/infrastructure/repositories/pg/writers/network_binding.go:95.2,116.16 3 0
netguard-pg-backend/internal/infrastructure/repositories/pg/writers/network_binding.go:116.16,118.3 1 0
netguard-pg-backend/internal/infrastructure/repositories/pg/writers/network_binding.go:123.2,123.72 1 0
netguard-pg-backend/internal/infrastructure/repositories/pg/writers/network_binding.go:123.72,125.3 1 0
netguard-pg-backend/internal/infrastructure/repositories/pg/writers/network_binding.go:127.2,127.12 1 0
netguard-pg-backend/internal/infrastructure/repositories/pg/writers/network_binding.go:131.93,132.21 1 0
netguard-pg-backend/internal/infrastructure/repositories/pg/writers/network_binding.go:132.21,134.3 1 0
netguard-pg-backend/internal/infrastructure/repositories/pg/writers/network_binding.go:136.2,137.23 2 0
netguard-pg-backend/internal/infrastructure/repositories/pg/writers/network_binding.go:137.23,139.3 1 0
netguard-pg-backend/internal/infrastructure/repositories/pg/writers/network_binding.go:141.2,144.52 2 0
netguard-pg-backend/internal/infrastructure/repositories/pg/writers/network_binding.go:144.52,146.3 1 0
netguard-pg-backend/internal/infrastructure/repositories/pg/writers/network_binding.go:148.2,148.12 1 0
netguard-pg-backend/internal/infrastructure/repositories/pg/writers/network_binding.go:152.105,153.19 1 0
netguard-pg-backend/internal/infrastructure/repositories/pg/writers/network_binding.go:153.19,155.3 1 0
netguard-pg-backend/internal/infrastructure/repositories/pg/writers/network_binding.go:158.2,162.25 4 0
netguard-pg-backend/internal/infrastructure/repositories/pg/writers/network_binding.go:162.25,166.3 3 0
netguard-pg-backend/internal/infrastructure/repositories/pg/writers/network_binding.go:169.2,179.16 4 0
netguard-pg-backend/internal/infrastructure/repositories/pg/writers/network_binding.go:179.16,182.3 1 0
netguard-pg-backend/internal/infrastructure/repositories/pg/writers/network_binding.go:185.2,189.52 2 0
netguard-pg-backend/internal/infrastructure/repositories/pg/writers/network_binding.go:189.52,191.3 1 0
netguard-pg-backend/internal/infrastructure/repositories/pg/writers/network_binding.go:193.2,193.12 1 0
netguard-pg-backend/internal/infrastructure/repositories/pg/writers/network_binding.go:197.109,212.16 3 0
netguard-pg-backend/internal/infrastructure/repositories/pg/writers/network_binding.go:212.16,214.3 1 0
netguard-pg-backend/internal/infrastructure/repositories/pg/writers/network_binding.go:217.2,224.16 3 0
netguard-pg-backend/internal/infrastructure/repositories/pg/writers/network_binding.go:224.16,226.3 1 0
netguard-pg-backend/internal/infrastructure/repositories/pg/writers/network_binding.go:229.2,230.16 2 0
netguard-pg-backend/internal/infrastructure/repositories/pg/writers/network_binding.go:230.16,232.3 1 0
netguard-pg-backend/internal/infrastructure/repositories/pg/writers/network_binding.go:235.2,248.60 3 0
netguard-pg-backend/internal/infrastructure/repositories/pg/writers/network_binding.go:248.60,250.3 1 0
netguard-pg-backend/internal/infrastructure/repositories/pg/writers/network_binding.go:252.2,258.12 2 0
netguard-pg-backend/internal/infrastructure/repositories/pg/writers/rule_s2s.go:19.125,24.30 3 0
netguard-pg-backend/internal/infrastructure/repositories/pg/writers/rule_s2s.go:24.30,25.54 1 0
netguard-pg-backend/internal/infrastructure/repositories/pg/writers/rule_s2s.go:25.54,27.4 1 0
netguard-pg-backend/internal/infrastructure/repositories/pg/writers/rule_s2s.go:28.3,28.50 1 0
netguard-pg-backend/internal/infrastructure/repositories/pg/writers/rule_s2s.go:28.50,30.4 1 0
netguard-pg-backend/internal/infrastructure/repositories/pg/writers/rule_s2s.go:34.2,34.21 1 0
netguard-pg-backend/internal/infrastructure/repositories/pg/writers/rule_s2s.go:34.21,35.30 1 0
netguard-pg-backend/internal/infrastructure/repositories/pg/writers/rule_s2s.go:35.30,36.67 1 0
netguard-pg-backend/internal/infrastructure/repositories/pg/writers/rule_s2s.go:36.67,38.5 1 0
netguard-pg-backend/internal/infrastructure/repositories/pg/writers/rule_s2s.go:40.3,40.13 1 0
netguard-pg-backend/internal/infrastructure/repositories/pg/writers/rule_s2s.go:44.2,44.35 1 0
netguard-pg-backend/internal/infrastructure/repositories/pg/writers/rule_s2s.go:44.35,46.30 2 0
netguard-pg-backend/internal/infrastructure/repositories/pg/writers/rule_s2s.go:46.30,48.4 1 0
netguard-pg-backend/internal/infrastructure/repositories/pg/writers/rule_s2s.go:50.3,50.64 1 0
netguard-pg-backend/internal/infrastructure/repositories/pg/writers/rule_s2s.go:50.64,52.4 1 0
netguard-pg-backend/internal/infrastructure/repositories/pg/writers/rule_s2s.go:54.3,54.13 1 0
netguard-pg-backend/internal/infrastructure/repositories/pg/writers/rule_s2s.go:58.2,58.22 1 0
netguard-pg-backend/internal/infrastructure/repositories/pg/writers/rule_s2s.go:58.22,59.60 1 0
netguard-pg-backend/internal/infrastructure/repositories/pg/writers/rule_s2s.go:59.60,61.4 1 0
netguard-pg-backend/internal/infrastructure/repositories/pg/writers/rule_s2s.go:65.2,65.23 1 0
netguard-pg-backend/internal/infrastructure/repositories/pg/writers/rule_s2s.go:65.23,67.30 1 0
netguard-pg-backend/internal/infrastructure/repositories/pg/writers/rule_s2s.go:67.30,69.4 1 0
netguard-pg-backend/internal/infrastructure/repositories/pg/writers/rule_s2s.go:71.3,71.56 1 0
netguard-pg-backend/internal/infrastructure/repositories/pg/writers/rule_s2s.go:71.56,73.4 1 0
netguard-pg-backend/internal/infrastructure/repositories/pg/writers/rule_s2s.go:76.2,76.12 1 0
netguard-pg-backend/internal/infrastructure/repositories/pg/writers/rule_s2s.go:80.80,83.16 2 0
netguard-pg-backend/internal/infrastructure/repositories/pg/writers/rule_s2s.go:83.16,85.3 1 0
netguard-pg-backend/internal/infrastructure/repositories/pg/writers/rule_s2s.go:87.2,88.16 2 0
netguard-pg-backend/internal/infrastructure/repositories/pg/writers/rule_s2s.go:88.16,90.3 1 0
netguard-pg-backend/internal/infrastructure/repositories/pg/writers/rule_s2s.go:93.2,98.35 5 0
netguard-pg-backend/internal/infrastructure/repositories/pg/writers/rule_s2s.go:98.35,106.17 3 0
netguard-pg-backend/internal/infrastructure/repositories/pg/writers/rule_s2s.go:106.17,108.4 1 0
netguard-pg-backend/internal/infrastructure/repositories/pg/writers/rule_s2s.go:109.8,116.17 3 0
netguard-pg-backend/internal/infrastructure/repositories/pg/writers/rule_s2s.go:116.17,118.4 1 0
netguard-pg-backend/internal/infrastructure/repositories/pg/writers/rule_s2s.go:122.2,123.16 2 0
netguard-pg-backend/internal/infrastructure/repositories/pg/writers/rule_s2s.go:123.16,125.3 1 0
netguard-pg-backend/internal/infrastructure/repositories/pg/writers/rule_s2s.go:127.2,128.16 2 0
netguard-pg-backend/internal/infrastructure/repositories/pg/writers/rule_s2s.go:128.16,130.3 1 0
netguard-pg-backend/internal/infrastructure/repositories/pg/writers/rule_s2s.go:133.2,134.34 2 0
netguard-pg-backend/internal/infrastructure/repositories/pg/writers/rule_s2s.go:134.34,136.17 2 0
netguard-pg-backend/internal/infrastructure/repositories/pg/writers/rule_s2s.go:136.17,138.4 1 0
netguard-pg-backend/internal/infrastructure/repositories/pg/writers/rule_s2s.go:139.8,141.3 1 0
netguard-pg-backend/internal/infrastructure/repositories/pg/writers/rule_s2s.go:144.2,164.16 2 0
netguard-pg-backend/internal/infrastructure/repositories/pg/writers/rule_s2s.go:164.16,166.3 1 0
netguard-pg-backend/internal/infrastructure/repositories/pg/writers/rule_s2s.go:168.2,168.12 1 0
netguard-pg-backend/internal/infrastructure/repositories/pg/writers/rule_s2s.go:172.85,173.21 1 0
netguard-pg-backend/internal/infrastructure/repositories/pg/writers/rule_s2s.go:173.21,175.3 1 0
netguard-pg-backend/internal/infrastructure/repositories/pg/writers/rule_s2s.go:177.2,178.23 2 0
netguard-pg-backend/internal/infrastructure/repositories/pg/writers/rule_s2s.go:178.23,180.3 1 0
netguard-pg-backend/internal/infrastructure/repositories/pg/writers/rule_s2s.go:182.2,185.52 2 0
netguard-pg-backend/internal/infrastructure/repositories/pg/writers/rule_s2s.go:185.52,187.3 1 0
netguard-pg-backend/internal/infrastructure/repositories/pg/writers/rule_s2s.go:189.2,189.12 1 0
netguard-pg-backend/internal/infrastructure/repositories/pg/writers/rule_s2s.go:193.97,194.19 1 0
netguard-pg-backend/internal/infrastructure/repositories/pg/writers/rule_s2s.go:194.19,196.3 1 0
netguard-pg-backend/internal/infrastructure/repositories/pg/writers/rule_s2s.go:199.2,203.25 4 0
netguard-pg-backend/internal/infrastructure/repositories/pg/writers/rule_s2s.go:203.25,207.3 3 0
netguard-pg-backend/internal/infrastructure/repositories/pg/writers/rule_s2s.go:210.2,220.16 4 0
netguard-pg-backend/internal/infrastructure/repositories/pg/writers/rule_s2s.go:220.16,223.3 1 0
netguard-pg-backend/internal/infrastructure/repositories/pg/writers/rule_s2s.go:226.2,232.16 3 0
netguard-pg-backend/internal/infrastructure/repositories/pg/writers/rule_s2s.go:232.16,234.3 1 0
netguard-pg-backend/internal/infrastructure/repositories/pg/writers/rule_s2s.go:236.2,241.12 3 0
netguard-pg-backend/internal/infrastructure/repositories/pg/writers/rule_s2s.go:246.94,249.16 2 0
netguard-pg-backend/internal/infrastructure/repositories/pg/writers/rule_s2s.go:249.16,251.3 1 0
netguard-pg-backend/internal/infrastructure/repositories/pg/writers/rule_s2s.go:254.2,257.16 4 0
netguard-pg-backend/internal/infrastructure/repositories/pg/writers/rule_s2s.go:257.16,259.3 1 0
netguard-pg-backend/internal/infrastructure/repositories/pg/writers/rule_s2s.go:262.2,271.100 4 0
netguard-pg-backend/internal/infrastructure/repositories/pg/writers/rule_s2s.go:271.100,273.3 1 0
netguard-pg-backend/internal/infrastructure/repositories/pg/writers/rule_s2s.go:275.2,275.12 1 0
netguard-pg-backend/internal/infrastructure/repositories/pg/writers/service.go:29.126,33.27 3 0
netguard-pg-backend/internal/infrastructure/repositories/pg/writers/service.go:33.27,34.51 1 0
netguard-pg-backend/internal/infrastructure/repositories/pg/writers/service.go:34.51,36.4 1 0
netguard-pg-backend/internal/infrastructure/repositories/pg/writers/service.go:37.3,37.54 1 0
netguard-pg-backend/internal/infrastructure/repositories/pg/writers/service.go:37.54,39.4 1 0
netguard-pg-backend/internal/infrastructure/repositories/pg/writers/service.go:43.2,43.21 1 0
netguard-pg-backend/internal/infrastructure/repositories/pg/writers/service.go:43.21,44.36 1 0
netguard-pg-backend/internal/infrastructure/repositories/pg/writers/service.go:44.36,45.70 1 0
netguard-pg-backend/internal/infrastructure/repositories/pg/writers/service.go:45.70,47.5 1 0
netguard-pg-backend/internal/infrastructure/repositories/pg/writers/service.go:49.3,49.13 1 0
netguard-pg-backend/internal/infrastructure/repositories/pg/writers/service.go:54.2,54.55 1 0
netguard-pg-backend/internal/infrastructure/repositories/pg/writers/service.go:54.55,55.61 1 0
netguard-pg-backend/internal/infrastructure/repositories/pg/writers/service.go:55.61,57.4 1 0
netguard-pg-backend/internal/infrastructure/repositories/pg/writers/service.go:60.2,60.16 1 0
netguard-pg-backend/internal/infrastructure/repositories/pg/writers/service.go:61.27,64.36 2 0
netguard-pg-backend/internal/infrastructure/repositories/pg/writers/service.go:64.36,66.4 1 0
netguard-pg-backend/internal/infrastructure/repositories/pg/writers/service.go:67.3,67.73 1 0
netguard-pg-backend/internal/infrastructure/repositories/pg/writers/service.go:67.73,69.4 1 0
netguard-pg-backend/internal/infrastructure/repositories/pg/writers/service.go:70.50,72.27 1 0
netguard-pg-backend/internal/infrastructure/repositories/pg/writers/service.go:72.27,76.34 1 0
netguard-pg-backend/internal/infrastructure/repositories/pg/writers/service.go:76.34,78.40 2 0
netguard-pg-backend/internal/infrastructure/repositories/pg/writers/service.go:78.40,81.6 1 0
netguard-pg-backend/internal/infrastructure/repositories/pg/writers/service.go:81.11,84.6 1 0
netguard-pg-backend/internal/infrastructure/repositories/pg/writers/service.go:87.4,87.60 1 0
netguard-pg-backend/internal/infrastructure/repositories/pg/writers/service.go:87.60,89.5 1 0
netguard-pg-backend/internal/infrastructure/repositories/pg/writers/service.go:91.4,92.18 2 0
netguard-pg-backend/internal/infrastructure/repositories/pg/writers/service.go:92.18,94.5 1 0
netguard-pg-backend/internal/infrastructure/repositories/pg/writers/service.go:96.10,97.65 1 0
netguard-pg-backend/internal/infrastructure/repositories/pg/writers/service.go:100.2,100.12 1 0
netguard-pg-backend/internal/infrastructure/repositories/pg/writers/service.go:104.83,107.16 2 0
netguard-pg-backend/internal/infrastructure/repositories/pg/writers/service.go:107.16,109.3 1 0
netguard-pg-backend/internal/infrastructure/repositories/pg/writers/service.go:112.2,113.36 2 0
netguard-pg-backend/internal/infrastructure/repositories/pg/writers/service.go:113.36,116.44 2 0
netguard-pg-backend/internal/infrastructure/repositories/pg/writers/service.go:116.44,123.4 1 0
netguard-pg-backend/internal/infrastructure/repositories/pg/writers/service.go:124.3,126.17 3 0
netguard-pg-backend/internal/infrastructure/repositories/pg/writers/service.go:126.17,128.4 1 0
netguard-pg-backend/internal/infrastructure/repositories/pg/writers/service.go:129.8,131.3 1 0
netguard-pg-backend/internal/infrastructure/repositories/pg/writers/service.go:134.2,135.16 2 0
netguard-pg-backend/internal/infrastructure/repositories/pg/writers/service.go:135.16,137.3 1 0
netguard-pg-backend/internal/infrastructure/repositories/pg/writers/service.go:139.2,140.16 2 0
netguard-pg-backend/internal/infrastructure/repositories/pg/writers/service.go:140.16,142.3 1 0
netguard-pg-backend/internal/infrastructure/repositories/pg/writers/service.go:145.2,149.16 4 0
netguard-pg-backend/internal/infrastructure/repositories/pg/writers/service.go:149.16,150.69 1 0
netguard-pg-backend/internal/infrastructure/repositories/pg/writers/service.go:150.69,152.4 1 0
netguard-pg-backend/internal/infrastructure/repositories/pg/writers/service.go:154.3,154.12 1 0
netguard-pg-backend/internal/infrastructure/repositories/pg/writers/service.go:157.2,158.35 2 0
netguard-pg-backend/internal/infrastructure/repositories/pg/writers/service.go:158.35,166.17 3 0
netguard-pg-backend/internal/infrastructure/repositories/pg/writers/service.go:166.17,168.4 1 0
netguard-pg-backend/internal/infrastructure/repositories/pg/writers/service.go:169.8,176.17 3 0
netguard-pg-backend/internal/infrastructure/repositories/pg/writers/service.go:176.17,178.4 1 0
netguard-pg-backend/internal/infrastructure/repositories/pg/writers/service.go:182.2,198.16 2 0
netguard-pg-backend/internal/infrastructure/repositories/pg/writers/service.go:198.16,200.3 1 0
netguard-pg-backend/internal/infrastructure/repositories/pg/writers/service.go:205.2,205.65 1 0
netguard-pg-backend/internal/infrastructure/repositories/pg/writers/service.go:205.65,207.3 1 0
netguard-pg-backend/internal/infrastructure/repositories/pg/writers/service.go:209.2,209.12 1 0
netguard-pg-backend/internal/infrastructure/repositories/pg/writers/service.go:213.101,222.16 4 0
netguard-pg-backend/internal/infrastructure/repositories/pg/writers/service.go:222.16,224.3 1 0
netguard-pg-backend/internal/infrastructure/repositories/pg/writers/service.go:225.2,225.17 1 0
netguard-pg-backend/internal/infrastructure/repositories/pg/writers/service.go:230.97,233.16 2 0
netguard-pg-backend/internal/infrastructure/repositories/pg/writers/service.go:233.16,235.3 1 0
netguard-pg-backend/internal/infrastructure/repositories/pg/writers/service.go:238.2,241.16 4 0
netguard-pg-backend/internal/infrastructure/repositories/pg/writers/service.go:241.16,243.3 1 0
netguard-pg-backend/internal/infrastructure/repositories/pg/writers/service.go:246.2,251.91 2 0
netguard-pg-backend/internal/infrastructure/repositories/pg/writers/service.go:251.91,253.3 1 0
netguard-pg-backend/internal/infrastructure/repositories/pg/writers/service.go:255.2,255.12 1 0
netguard-pg-backend/internal/infrastructure/repositories/pg/writers/service.go:259.86,260.21 1 0
netguard-pg-backend/internal/infrastructure/repositories/pg/writers/service.go:260.21,262.3 1 0
netguard-pg-backend/internal/infrastructure/repositories/pg/writers/service.go:264.2,265.23 2 0
netguard-pg-backend/internal/infrastructure/repositories/pg/writers/service.go:265.23,267.3 1 0
netguard-pg-backend/internal/infrastructure/repositories/pg/writers/service.go:269.2,272.52 2 0
netguard-pg-backend/internal/infrastructure/repositories/pg/writers/service.go:272.52,274.3 1 0
netguard-pg-backend/internal/infrastructure/repositories/pg/writers/service.go:276.2,276.12 1 0
netguard-pg-backend/internal/infrastructure/repositories/pg/writers/service.go:280.114,281.27 1 0
netguard-pg-backend/internal/infrastructure/repositories/pg/writers/service.go:281.27,283.3 1 0
netguard-pg-backend/internal/infrastructure/repositories/pg/writers/service.go:286.2,290.33 4 0
netguard-pg-backend/internal/infrastructure/repositories/pg/writers/service.go:290.33,294.3 3 0
netguard-pg-backend/internal/infrastructure/repositories/pg/writers/service.go:297.2,307.16 4 0
netguard-pg-backend/internal/infrastructure/repositories/pg/writers/service.go:307.16,310.3 1 0
netguard-pg-backend/internal/infrastructure/repositories/pg/writers/service.go:313.2,317.52 2 0
netguard-pg-backend/internal/infrastructure/repositories/pg/writers/service.go:317.52,319.3 1 0
netguard-pg-backend/internal/infrastructure/repositories/pg/writers/service.go:321.2,321.12 1 0
netguard-pg-backend/internal/infrastructure/repositories/pg/writers/service.go:324.136,328.27 3 0
netguard-pg-backend/internal/infrastructure/repositories/pg/writers/service.go:328.27,329.51 1 0
netguard-pg-backend/internal/infrastructure/repositories/pg/writers/service.go:329.51,331.4 1 0
netguard-pg-backend/internal/infrastructure/repositories/pg/writers/service.go:332.3,332.54 1 0
netguard-pg-backend/internal/infrastructure/repositories/pg/writers/service.go:332.54,334.4 1 0
netguard-pg-backend/internal/infrastructure/repositories/pg/writers/service.go:338.2,338.21 1 0
netguard-pg-backend/internal/infrastructure/repositories/pg/writers/service.go:338.21,339.33 1 0
netguard-pg-backend/internal/infrastructure/repositories/pg/writers/service.go:339.33,340.73 1 0
netguard-pg-backend/internal/infrastructure/repositories/pg/writers/service.go:340.73,342.5 1 0
netguard-pg-backend/internal/infrastructure/repositories/pg/writers/service.go:344.3,344.13 1 0
netguard-pg-backend/internal/infrastructure/repositories/pg/writers/service.go:349.2,349.55 1 0
netguard-pg-backend/internal/infrastructure/repositories/pg/writers/service.go:349.55,350.67 1 0
netguard-pg-backend/internal/infrastructure/repositories/pg/writers/service.go:350.67,352.4 1 0
netguard-pg-backend/internal/infrastructure/repositories/pg/writers/service.go:355.2,355.16 1 0
netguard-pg-backend/internal/infrastructure/repositories/pg/writers/service.go:356.27,359.33 2 0
netguard-pg-backend/internal/infrastructure/repositories/pg/writers/service.go:359.33,361.4 1 0
netguard-pg-backend/internal/infrastructure/repositories/pg/writers/service.go:362.3,362.79 1 0
netguard-pg-backend/internal/infrastructure/repositories/pg/writers/service.go:362.79,364.4 1 0
netguard-pg-backend/internal/infrastructure/repositories/pg/writers/service.go:365.50,367.26 1 0
netguard-pg-backend/internal/infrastructure/repositories/pg/writers/service.go:367.26,369.33 1 0
netguard-pg-backend/internal/infrastructure/repositories/pg/writers/service.go:369.33,371.5 1 0
netguard-pg-backend/internal/infrastructure/repositories/pg/writers/service.go:373.4,373.64 1 0
netguard-pg-backend/internal/infrastructure/repositories/pg/writers/service.go:373.64,375.5 1 0
netguard-pg-backend/internal/infrastructure/repositories/pg/writers/service.go:379.2,379.12 1 0
netguard-pg-backend/internal/infrastructure/repositories/pg/writers/service.go:383.91,386.16 2 0
netguard-pg-backend/internal/infrastructure/repositories/pg/writers/service.go:386.16,388.3 1 0
netguard-pg-backend/internal/infrastructure/repositories/pg/writers/service.go:390.2,391.16 2 0
netguard-pg-backend/internal/infrastructure/repositories/pg/writers/service.go:391.16,393.3 1 0
netguard-pg-backend/internal/infrastructure/repositories/pg/writers/service.go:396.2,403.16 4 0
netguard-pg-backend/internal/infrastructure/repositories/pg/writers/service.go:403.16,405.3 1 0
netguard-pg-backend/internal/infrastructure/repositories/pg/writers/service.go:408.2,422.16 2 0
netguard-pg-backend/internal/infrastructure/repositories/pg/writers/service.go:422.16,424.3 1 0
netguard-pg-backend/internal/infrastructure/repositories/pg/writers/service.go:426.2,426.12 1 0
netguard-pg-backend/internal/infrastructure/repositories/pg/writers/service.go:430.92,431.21 1 0
netguard-pg-backend/internal/infrastructure/repositories/pg/writers/service.go:431.21,433.3 1 0
netguard-pg-backend/internal/infrastructure/repositories/pg/writers/service.go:435.2,436.23 2 0
netguard-pg-backend/internal/infrastructure/repositories/pg/writers/service.go:436.23,438.3 1 0
netguard-pg-backend/internal/infrastructure/repositories/pg/writers/service.go:440.2,443.52 2 0
netguard-pg-backend/internal/infrastructure/repositories/pg/writers/service.go:443.52,445.3 1 0
netguard-pg-backend/internal/infrastructure/repositories/pg/writers/service.go:447.2,447.12 1 0
netguard-pg-backend/internal/infrastructure/repositories/pg/writers/service.go:451.120,453.2 1 0
netguard-pg-backend/internal/infrastructure/repositories/pg/writers/service.go:456.120,457.27 1 0
netguard-pg-backend/internal/infrastructure/repositories/pg/writers/service.go:457.27,459.3 1 0
netguard-pg-backend/internal/infrastructure/repositories/pg/writers/service.go:462.2,466.33 4 0
netguard-pg-backend/internal/infrastructure/repositories/pg/writers/service.go:466.33,470.3 3 0
netguard-pg-backend/internal/infrastructure/repositories/pg/writers/service.go:473.2,483.16 4 0
netguard-pg-backend/internal/infrastructure/repositories/pg/writers/service.go:483.16,486.3 1 0
netguard-pg-backend/internal/infrastructure/repositories/pg/writers/service.go:489.2,493.52 2 0
netguard-pg-backend/internal/infrastructure/repositories/pg/writers/service.go:493.52,495.3 1 0
netguard-pg-backend/internal/infrastructure/repositories/pg/writers/service.go:497.2,497.12 1 0
netguard-pg-backend/internal/infrastructure/repositories/pg/writers/service.go:501.126,502.19 1 0
netguard-pg-backend/internal/infrastructure/repositories/pg/writers/service.go:502.19,504.3 1 0
netguard-pg-backend/internal/infrastructure/repositories/pg/writers/service.go:507.2,511.25 4 0
netguard-pg-backend/internal/infrastructure/repositories/pg/writers/service.go:511.25,515.3 3 0
netguard-pg-backend/internal/infrastructure/repositories/pg/writers/service.go:518.2,528.16 4 0
netguard-pg-backend/internal/infrastructure/repositories/pg/writers/service.go:528.16,531.3 1 0
netguard-pg-backend/internal/infrastructure/repositories/pg/writers/service.go:534.2,538.52 2 0
netguard-pg-backend/internal/infrastructure/repositories/pg/writers/service.go:538.52,540.3 1 0
netguard-pg-backend/internal/infrastructure/repositories/pg/writers/service.go:542.2,542.12 1 0
netguard-pg-backend/internal/infrastructure/repositories/pg/writers/service.go:547.105,550.16 2 0
netguard-pg-backend/internal/infrastructure/repositories/pg/writers/service.go:550.16,552.3 1 0
netguard-pg-backend/internal/infrastructure/repositories/pg/writers/service.go:555.2,558.16 4 0
netguard-pg-backend/internal/infrastructure/repositories/pg/writers/service.go:558.16,560.3 1 0
netguard-pg-backend/internal/infrastructure/repositories/pg/writers/service.go:563.2,568.91 2 0
netguard-pg-backend/internal/infrastructure/repositories/pg/writers/service.go:568.91,570.3 1 0
netguard-pg-backend/internal/infrastructure/repositories/pg/writers/service.go:572.2,572.12 1 0
netguard-pg-backend/internal/infrastructure/repositories/pg/writers/service.go:576.94,586.16 3 0
netguard-pg-backend/internal/infrastructure/repositories/pg/writers/service.go:586.16,588.3 1 0
netguard-pg-backend/internal/infrastructure/repositories/pg/writers/service.go:591.2,592.16 2 0
netguard-pg-backend/internal/infrastructure/repositories/pg/writers/service.go:592.16,594.3 1 0
netguard-pg-backend/internal/infrastructure/repositories/pg/writers/service.go:597.2,609.60 3 0
netguard-pg-backend/internal/infrastructure/repositories/pg/writers/service.go:609.60,611.3 1 0
netguard-pg-backend/internal/infrastructure/repositories/pg/writers/service.go:613.2,618.12 2 0
netguard-pg-backend/internal/infrastructure/repositories/pg/writers/shared_utils.go:15.97,16.21 1 0
netguard-pg-backend/internal/infrastructure/repositories/pg/writers/shared_utils.go:16.21,18.3 1 0
netguard-pg-backend/internal/infrastructure/repositories/pg/writers/shared_utils.go:20.2,20.27 1 0
netguard-pg-backend/internal/infrastructure/repositories/pg/writers/shared_utils.go:21.37,22.30 1 0
netguard-pg-backend/internal/infrastructure/repositories/pg/writers/shared_utils.go:22.30,24.4 1 0
netguard-pg-backend/internal/infrastructure/repositories/pg/writers/shared_utils.go:27.3,31.36 4 0
netguard-pg-backend/internal/infrastructure/repositories/pg/writers/shared_utils.go:31.36,33.21 1 0
netguard-pg-backend/internal/infrastructure/repositories/pg/writers/shared_utils.go:33.21,39.5 4 0
netguard-pg-backend/internal/infrastructure/repositories/pg/writers/shared_utils.go:39.10,46.5 4 0
netguard-pg-backend/internal/infrastructure/repositories/pg/writers/shared_utils.go:49.3,49.60 1 0
netguard-pg-backend/internal/infrastructure/repositories/pg/writers/shared_utils.go:51.10,53.17 1 0
netguard-pg-backend/internal/infrastructure/repositories/pg/writers/shared_utils.go:58.82,59.21 1 0
netguard-pg-backend/internal/infrastructure/repositories/pg/writers/shared_utils.go:59.21,61.3 1 0
netguard-pg-backend/internal/infrastructure/repositories/pg/writers/shared_utils.go:63.2,64.26 2 0
netguard-pg-backend/internal/infrastructure/repositories/pg/writers/shared_utils.go:64.26,70.3 1 0
netguard-pg-backend/internal/infrastructure/repositories/pg/writers/shared_utils.go:72.2,72.32 1 0
netguard-pg-backend/internal/infrastructure/repositories/pg/writers/shared_utils.go:76.106,80.19 3 0
netguard-pg-backend/internal/infrastructure/repositories/pg/writers/shared_utils.go:80.19,82.17 2 0
netguard-pg-backend/internal/infrastructure/repositories/pg/writers/shared_utils.go:82.17,84.4 1 0
netguard-pg-backend/internal/infrastructure/repositories/pg/writers/shared_utils.go:85.8,87.3 1 0
netguard-pg-backend/internal/infrastructure/repositories/pg/writers/shared_utils.go:89.2,89.24 1 0
netguard-pg-backend/internal/infrastructure/repositories/pg/writers/shared_utils.go:89.24,91.17 2 0
netguard-pg-backend/internal/infrastructure/repositories/pg/writers/shared_utils.go:91.17,93.4 1 0
netguard-pg-backend/internal/infrastructure/repositories/pg/writers/shared_utils.go:94.8,96.3 1 0
netguard-pg-backend/internal/infrastructure/repositories/pg/writers/shared_utils.go:98.2,98.41 1 0
netguard-pg-backend/internal/infrastructure/repositories/pg/writers/shared_utils.go:102.82,103.21 1 0
netguard-pg-backend/internal/infrastructure/repositories/pg/writers/shared_utils.go:103.21,105.3 1 0
netguard-pg-backend/internal/infrastructure/repositories/pg/writers/shared_utils.go:107.2,107.28 1 0
netguard-pg-backend/internal/infrastructure/repositories/pg/writers/shared_utils.go:111.108,112.27 1 0
netguard-pg-backend/internal/infrastructure/repositories/pg/writers/shared_utils.go:112.27,114.3 1 0
netguard-pg-backend/internal/infrastructure/repositories/pg/writers/shared_utils.go:117.2,118.52 2 0
netguard-pg-backend/internal/infrastructure/repositories/pg/writers/shared_utils.go:118.52,122.3 2 0
netguard-pg-backend/internal/infrastructure/repositories/pg/writers/shared_utils.go:124.2,124.30 1 0
netguard-pg-backend/internal/infrastructure/repositories/pg/writers/writer.go:24.81,33.2 2 0
netguard-pg-backend/internal/infrastructure/repositories/pg/writers/writer.go:37.47,39.2 1 0
netguard-pg-backend/internal/infrastructure/repositories/pg/writers/writer.go:42.42,44.2 1 0
netguard-pg-backend/internal/infrastructure/repositories/pg/writers/writer.go:48.85,50.16 2 0
netguard-pg-backend/internal/infrastructure/repositories/pg/writers/writer.go:50.16,52.3 1 0
netguard-pg-backend/internal/infrastructure/repositories/pg/writers/writer.go:53.2,54.12 2 0
netguard-pg-backend/internal/infrastructure/repositories/pg/writers/writer.go:58.33,59.17 1 0
netguard-pg-backend/internal/infrastructure/repositories/pg/writers/writer.go:59.17,61.3 1 0
netguard-pg-backend/internal/infrastructure/repositories/pg/writers/writer.go:64.2,65.27 2 0
netguard-pg-backend/internal/infrastructure/repositories/pg/writers/writer.go:65.27,73.81 2 0
netguard-pg-backend/internal/infrastructure/repositories/pg/writers/writer.go:73.81,76.4 2 0
netguard-pg-backend/internal/infrastructure/repositories/pg/writers/writer.go:80.2,80.43 1 0
netguard-pg-backend/internal/infrastructure/repositories/pg/writers/writer.go:80.43,82.3 1 0
netguard-pg-backend/internal/infrastructure/repositories/pg/writers/writer.go:84.2,85.12 2 0
netguard-pg-backend/internal/infrastructure/repositories/pg/writers/writer.go:89.26,90.18 1 0
netguard-pg-backend/internal/infrastructure/repositories/pg/writers/writer.go:90.18,92.3 1 0
netguard-pg-backend/internal/infrastructure/repositories/pg/writers/writer.go:96.33,98.2 1 0
netguard-pg-backend/internal/infrastructure/repositories/mem/db.go:28.24,43.2 1 1
netguard-pg-backend/internal/infrastructure/repositories/mem/db.go:46.58,50.32 4 1
netguard-pg-backend/internal/infrastructure/repositories/mem/db.go:50.32,52.3 1 1
netguard-pg-backend/internal/infrastructure/repositories/mem/db.go:53.2,53.15 1 1
netguard-pg-backend/internal/infrastructure/repositories/mem/db.go:57.68,61.37 4 1
netguard-pg-backend/internal/infrastructure/repositories/mem/db.go:61.37,63.3 1 1
netguard-pg-backend/internal/infrastructure/repositories/mem/db.go:64.2,64.15 1 1
netguard-pg-backend/internal/infrastructure/repositories/mem/db.go:68.82,72.44 4 1
netguard-pg-backend/internal/infrastructure/repositories/mem/db.go:72.44,74.3 1 1
netguard-pg-backend/internal/infrastructure/repositories/mem/db.go:75.2,75.15 1 1
netguard-pg-backend/internal/infrastructure/repositories/mem/db.go:79.90,83.48 4 1
netguard-pg-backend/internal/infrastructure/repositories/mem/db.go:83.48,85.3 1 1
netguard-pg-backend/internal/infrastructure/repositories/mem/db.go:86.2,86.15 1 1
netguard-pg-backend/internal/infrastructure/repositories/mem/db.go:90.57,94.31 4 1
netguard-pg-backend/internal/infrastructure/repositories/mem/db.go:94.31,96.3 1 1
netguard-pg-backend/internal/infrastructure/repositories/mem/db.go:97.2,97.15 1 1
netguard-pg-backend/internal/infrastructure/repositories/mem/db.go:101.52,105.2 3 1
netguard-pg-backend/internal/infrastructure/repositories/mem/db.go:108.58,112.2 3 1
netguard-pg-backend/internal/infrastructure/repositories/mem/db.go:115.66,119.2 3 1
netguard-pg-backend/internal/infrastructure/repositories/mem/db.go:122.81,126.2 3 1
netguard-pg-backend/internal/infrastructure/repositories/mem/db.go:129.90,133.2 3 1
netguard-pg-backend/internal/infrastructure/repositories/mem/db.go:136.98,140.2 3 1
netguard-pg-backend/internal/infrastructure/repositories/mem/db.go:143.62,147.2 3 1
netguard-pg-backend/internal/infrastructure/repositories/mem/db.go:150.69,154.38 4 1
netguard-pg-backend/internal/infrastructure/repositories/mem/db.go:154.38,156.3 1 1
netguard-pg-backend/internal/infrastructure/repositories/mem/db.go:157.2,157.15 1 1
netguard-pg-backend/internal/infrastructure/repositories/mem/db.go:161.76,165.2 3 1
netguard-pg-backend/internal/infrastructure/repositories/mem/db.go:168.95,172.51 4 0
netguard-pg-backend/internal/infrastructure/repositories/mem/db.go:172.51,174.3 1 0
netguard-pg-backend/internal/infrastructure/repositories/mem/db.go:175.2,175.15 1 0
netguard-pg-backend/internal/infrastructure/repositories/mem/db.go:179.103,183.2 3 0
netguard-pg-backend/internal/infrastructure/repositories/mem/db.go:186.64,190.35 4 0
netguard-pg-backend/internal/infrastructure/repositories/mem/db.go:190.35,192.3 1 0
netguard-pg-backend/internal/infrastructure/repositories/mem/db.go:193.2,193.15 1 0
netguard-pg-backend/internal/infrastructure/repositories/mem/db.go:197.69,201.2 3 0
netguard-pg-backend/internal/infrastructure/repositories/mem/db.go:204.58,208.32 4 0
netguard-pg-backend/internal/infrastructure/repositories/mem/db.go:208.32,210.3 1 0
netguard-pg-backend/internal/infrastructure/repositories/mem/db.go:211.2,211.15 1 0
netguard-pg-backend/internal/infrastructure/repositories/mem/db.go:215.66,219.2 3 0
netguard-pg-backend/internal/infrastructure/repositories/mem/db.go:222.72,226.39 4 0
netguard-pg-backend/internal/infrastructure/repositories/mem/db.go:226.39,228.3 1 0
netguard-pg-backend/internal/infrastructure/repositories/mem/db.go:229.2,229.15 1 0
netguard-pg-backend/internal/infrastructure/repositories/mem/db.go:233.80,237.2 3 0
netguard-pg-backend/internal/infrastructure/repositories/mem/db.go:240.52,244.29 4 0
netguard-pg-backend/internal/infrastructure/repositories/mem/db.go:244.29,246.3 1 0
netguard-pg-backend/internal/infrastructure/repositories/mem/db.go:247.2,247.15 1 0
netguard-pg-backend/internal/infrastructure/repositories/mem/db.go:251.57,255.2 3 0
netguard-pg-backend/internal/infrastructure/repositories/mem/db.go:258.66,262.36 4 0
netguard-pg-backend/internal/infrastructure/repositories/mem/db.go:262.36,264.3 1 0
netguard-pg-backend/internal/infrastructure/repositories/mem/db.go:265.2,265.15 1 0
netguard-pg-backend/internal/infrastructure/repositories/mem/db.go:269.74,273.2 3 0
netguard-pg-backend/internal/infrastructure/repositories/mem/mem-reader.go:17.32,19.2 1 1
netguard-pg-backend/internal/infrastructure/repositories/mem/mem-reader.go:21.113,25.49 2 1
netguard-pg-backend/internal/infrastructure/repositories/mem/mem-reader.go:25.49,27.3 1 0
netguard-pg-backend/internal/infrastructure/repositories/mem/mem-reader.go:27.8,29.3 1 1
netguard-pg-backend/internal/infrastructure/repositories/mem/mem-reader.go:31.2,31.38 1 1
netguard-pg-backend/internal/infrastructure/repositories/mem/mem-reader.go:31.38,32.77 1 0
netguard-pg-backend/internal/infrastructure/repositories/mem/mem-reader.go:32.77,33.39 1 0
netguard-pg-backend/internal/infrastructure/repositories/mem/mem-reader.go:33.39,35.44 1 0
netguard-pg-backend/internal/infrastructure/repositories/mem/mem-reader.go:35.44,36.35 1 0
netguard-pg-backend/internal/infrastructure/repositories/mem/mem-reader.go:36.35,37.40 1 0
netguard-pg-backend/internal/infrastructure/repositories/mem/mem-reader.go:37.40,38.43 1 0
netguard-pg-backend/internal/infrastructure/repositories/mem/mem-reader.go:38.43,40.9 1 0
netguard-pg-backend/internal/infrastructure/repositories/mem/mem-reader.go:43.6,43.16 1 0
netguard-pg-backend/internal/infrastructure/repositories/mem/mem-reader.go:47.5,47.42 1 0
netguard-pg-backend/internal/infrastructure/repositories/mem/mem-reader.go:47.42,48.41 1 0
netguard-pg-backend/internal/infrastructure/repositories/mem/mem-reader.go:48.41,50.7 1 0
netguard-pg-backend/internal/infrastructure/repositories/mem/mem-reader.go:53.4,53.14 1 0
netguard-pg-backend/internal/infrastructure/repositories/mem/mem-reader.go:56.2,56.31 1 1
netguard-pg-backend/internal/infrastructure/repositories/mem/mem-reader.go:56.31,57.38 1 1
netguard-pg-backend/internal/infrastructure/repositories/mem/mem-reader.go:57.38,59.4 1 0
netguard-pg-backend/internal/infrastructure/repositories/mem/mem-reader.go:61.2,61.12 1 1
netguard-pg-backend/internal/infrastructure/repositories/mem/mem-reader.go:64.109,68.49 2 0
netguard-pg-backend/internal/infrastructure/repositories/mem/mem-reader.go:68.49,70.3 1 0
netguard-pg-backend/internal/infrastructure/repositories/mem/mem-reader.go:70.8,72.3 1 0
netguard-pg-backend/internal/infrastructure/repositories/mem/mem-reader.go:74.2,74.39 1 0
netguard-pg-backend/internal/infrastructure/repositories/mem/mem-reader.go:74.39,80.62 3 0
netguard-pg-backend/internal/infrastructure/repositories/mem/mem-reader.go:80.62,82.4 1 0
netguard-pg-backend/internal/infrastructure/repositories/mem/mem-reader.go:82.9,84.4 1 0
netguard-pg-backend/internal/infrastructure/repositories/mem/mem-reader.go:86.3,86.36 1 0
netguard-pg-backend/internal/infrastructure/repositories/mem/mem-reader.go:86.36,87.90 1 0
netguard-pg-backend/internal/infrastructure/repositories/mem/mem-reader.go:87.90,89.5 1 0
netguard-pg-backend/internal/infrastructure/repositories/mem/mem-reader.go:92.3,94.23 3 0
netguard-pg-backend/internal/infrastructure/repositories/mem/mem-reader.go:97.2,97.31 1 0
netguard-pg-backend/internal/infrastructure/repositories/mem/mem-reader.go:100.123,104.54 2 1
netguard-pg-backend/internal/infrastructure/repositories/mem/mem-reader.go:104.54,106.3 1 0
netguard-pg-backend/internal/infrastructure/repositories/mem/mem-reader.go:106.8,108.3 1 1
netguard-pg-backend/internal/infrastructure/repositories/mem/mem-reader.go:109.2,109.38 1 1
netguard-pg-backend/internal/infrastructure/repositories/mem/mem-reader.go:109.38,110.77 1 0
netguard-pg-backend/internal/infrastructure/repositories/mem/mem-reader.go:110.77,111.39 1 0
netguard-pg-backend/internal/infrastructure/repositories/mem/mem-reader.go:111.39,113.44 1 0
netguard-pg-backend/internal/infrastructure/repositories/mem/mem-reader.go:113.44,114.39 1 0
netguard-pg-backend/internal/infrastructure/repositories/mem/mem-reader.go:114.39,115.39 1 0
netguard-pg-backend/internal/infrastructure/repositories/mem/mem-reader.go:115.39,116.42 1 0
netguard-pg-backend/internal/infrastructure/repositories/mem/mem-reader.go:116.42,118.9 1 0
netguard-pg-backend/internal/infrastructure/repositories/mem/mem-reader.go:121.6,121.16 1 0
netguard-pg-backend/internal/infrastructure/repositories/mem/mem-reader.go:125.5,125.46 1 0
netguard-pg-backend/internal/infrastructure/repositories/mem/mem-reader.go:125.46,126.40 1 0
netguard-pg-backend/internal/infrastructure/repositories/mem/mem-reader.go:126.40,128.7 1 0
netguard-pg-backend/internal/infrastructure/repositories/mem/mem-reader.go:131.4,131.14 1 0
netguard-pg-backend/internal/infrastructure/repositories/mem/mem-reader.go:134.2,134.35 1 1
netguard-pg-backend/internal/infrastructure/repositories/mem/mem-reader.go:134.35,135.37 1 1
netguard-pg-backend/internal/infrastructure/repositories/mem/mem-reader.go:135.37,137.4 1 0
netguard-pg-backend/internal/infrastructure/repositories/mem/mem-reader.go:139.2,139.12 1 1
netguard-pg-backend/internal/infrastructure/repositories/mem/mem-reader.go:142.119,147.54 2 0
netguard-pg-backend/internal/infrastructure/repositories/mem/mem-reader.go:147.54,149.3 1 0
netguard-pg-backend/internal/infrastructure/repositories/mem/mem-reader.go:149.8,151.3 1 0
netguard-pg-backend/internal/infrastructure/repositories/mem/mem-reader.go:153.2,153.43 1 0
netguard-pg-backend/internal/infrastructure/repositories/mem/mem-reader.go:153.43,155.3 1 0
netguard-pg-backend/internal/infrastructure/repositories/mem/mem-reader.go:157.2,157.31 1 0
netguard-pg-backend/internal/infrastructure/repositories/mem/mem-reader.go:160.137,164.61 2 1
netguard-pg-backend/internal/infrastructure/repositories/mem/mem-reader.go:164.61,166.3 1 0
netguard-pg-backend/internal/infrastructure/repositories/mem/mem-reader.go:166.8,168.3 1 1
netguard-pg-backend/internal/infrastructure/repositories/mem/mem-reader.go:169.2,169.38 1 1
netguard-pg-backend/internal/infrastructure/repositories/mem/mem-reader.go:169.38,170.77 1 0
netguard-pg-backend/internal/infrastructure/repositories/mem/mem-reader.go:170.77,171.39 1 0
netguard-pg-backend/internal/infrastructure/repositories/mem/mem-reader.go:171.39,172.44 1 0
netguard-pg-backend/internal/infrastructure/repositories/mem/mem-reader.go:172.44,173.39 1 0
netguard-pg-backend/internal/infrastructure/repositories/mem/mem-reader.go:173.39,174.44 1 0
netguard-pg-backend/internal/infrastructure/repositories/mem/mem-reader.go:174.44,175.47 1 0
netguard-pg-backend/internal/infrastructure/repositories/mem/mem-reader.go:175.47,177.9 1 0
netguard-pg-backend/internal/infrastructure/repositories/mem/mem-reader.go:180.6,180.16 1 0
netguard-pg-backend/internal/infrastructure/repositories/mem/mem-reader.go:184.5,184.46 1 0
netguard-pg-backend/internal/infrastructure/repositories/mem/mem-reader.go:184.46,185.45 1 0
netguard-pg-backend/internal/infrastructure/repositories/mem/mem-reader.go:185.45,187.7 1 0
netguard-pg-backend/internal/infrastructure/repositories/mem/mem-reader.go:190.4,190.14 1 0
netguard-pg-backend/internal/infrastructure/repositories/mem/mem-reader.go:193.2,193.35 1 1
netguard-pg-backend/internal/infrastructure/repositories/mem/mem-reader.go:193.35,194.42 1 1
netguard-pg-backend/internal/infrastructure/repositories/mem/mem-reader.go:194.42,196.4 1 0
netguard-pg-backend/internal/infrastructure/repositories/mem/mem-reader.go:198.2,198.12 1 1
netguard-pg-backend/internal/infrastructure/repositories/mem/mem-reader.go:201.133,206.61 2 0
netguard-pg-backend/internal/infrastructure/repositories/mem/mem-reader.go:206.61,208.3 1 0
netguard-pg-backend/internal/infrastructure/repositories/mem/mem-reader.go:208.8,210.3 1 0
netguard-pg-backend/internal/infrastructure/repositories/mem/mem-reader.go:212.2,212.43 1 0
netguard-pg-backend/internal/infrastructure/repositories/mem/mem-reader.go:212.43,214.3 1 0
netguard-pg-backend/internal/infrastructure/repositories/mem/mem-reader.go:216.2,216.31 1 0
netguard-pg-backend/internal/infrastructure/repositories/mem/mem-reader.go:219.145,223.65 2 1
netguard-pg-backend/internal/infrastructure/repositories/mem/mem-reader.go:223.65,225.3 1 0
netguard-pg-backend/internal/infrastructure/repositories/mem/mem-reader.go:225.8,227.3 1 1
netguard-pg-backend/internal/infrastructure/repositories/mem/mem-reader.go:229.2,229.38 1 1
netguard-pg-backend/internal/infrastructure/repositories/mem/mem-reader.go:229.38,230.77 1 0
netguard-pg-backend/internal/infrastructure/repositories/mem/mem-reader.go:230.77,231.39 1 0
netguard-pg-backend/internal/infrastructure/repositories/mem/mem-reader.go:231.39,232.44 1 0
netguard-pg-backend/internal/infrastructure/repositories/mem/mem-reader.go:232.44,233.39 1 0
netguard-pg-backend/internal/infrastructure/repositories/mem/mem-reader.go:233.39,234.44 1 0
netguard-pg-backend/internal/infrastructure/repositories/mem/mem-reader.go:234.44,235.47 1 0
netguard-pg-backend/internal/infrastructure/repositories/mem/mem-reader.go:235.47,237.9 1 0
netguard-pg-backend/internal/infrastructure/repositories/mem/mem-reader.go:240.6,240.16 1 0
netguard-pg-backend/internal/infrastructure/repositories/mem/mem-reader.go:243.5,243.46 1 0
netguard-pg-backend/internal/infrastructure/repositories/mem/mem-reader.go:243.46,244.45 1 0
netguard-pg-backend/internal/infrastructure/repositories/mem/mem-reader.go:244.45,246.7 1 0
netguard-pg-backend/internal/infrastructure/repositories/mem/mem-reader.go:249.4,249.14 1 0
netguard-pg-backend/internal/infrastructure/repositories/mem/mem-reader.go:252.2,252.35 1 1
netguard-pg-backend/internal/infrastructure/repositories/mem/mem-reader.go:252.35,253.42 1 1
netguard-pg-backend/internal/infrastructure/repositories/mem/mem-reader.go:253.42,255.4 1 0
netguard-pg-backend/internal/infrastructure/repositories/mem/mem-reader.go:257.2,257.12 1 1
netguard-pg-backend/internal/infrastructure/repositories/mem/mem-reader.go:260.141,264.65 2 0
netguard-pg-backend/internal/infrastructure/repositories/mem/mem-reader.go:264.65,266.3 1 0
netguard-pg-backend/internal/infrastructure/repositories/mem/mem-reader.go:266.8,268.3 1 0
netguard-pg-backend/internal/infrastructure/repositories/mem/mem-reader.go:270.2,270.43 1 0
netguard-pg-backend/internal/infrastructure/repositories/mem/mem-reader.go:270.43,272.3 1 0
netguard-pg-backend/internal/infrastructure/repositories/mem/mem-reader.go:274.2,274.31 1 0
netguard-pg-backend/internal/infrastructure/repositories/mem/mem-reader.go:277.112,281.48 2 1
netguard-pg-backend/internal/infrastructure/repositories/mem/mem-reader.go:281.48,283.3 1 0
netguard-pg-backend/internal/infrastructure/repositories/mem/mem-reader.go:283.8,285.3 1 1
netguard-pg-backend/internal/infrastructure/repositories/mem/mem-reader.go:287.2,287.38 1 1
netguard-pg-backend/internal/infrastructure/repositories/mem/mem-reader.go:287.38,288.77 1 0
netguard-pg-backend/internal/infrastructure/repositories/mem/mem-reader.go:288.77,289.39 1 0
netguard-pg-backend/internal/infrastructure/repositories/mem/mem-reader.go:289.39,291.44 1 0
netguard-pg-backend/internal/infrastructure/repositories/mem/mem-reader.go:291.44,292.33 1 0
netguard-pg-backend/internal/infrastructure/repositories/mem/mem-reader.go:292.33,293.41 1 0
netguard-pg-backend/internal/infrastructure/repositories/mem/mem-reader.go:293.41,294.44 1 0
netguard-pg-backend/internal/infrastructure/repositories/mem/mem-reader.go:294.44,296.9 1 0
netguard-pg-backend/internal/infrastructure/repositories/mem/mem-reader.go:299.6,299.16 1 0
netguard-pg-backend/internal/infrastructure/repositories/mem/mem-reader.go:303.5,303.40 1 0
netguard-pg-backend/internal/infrastructure/repositories/mem/mem-reader.go:303.40,304.42 1 0
netguard-pg-backend/internal/infrastructure/repositories/mem/mem-reader.go:304.42,306.7 1 0
netguard-pg-backend/internal/infrastructure/repositories/mem/mem-reader.go:309.4,309.14 1 0
netguard-pg-backend/internal/infrastructure/repositories/mem/mem-reader.go:312.2,312.29 1 1
netguard-pg-backend/internal/infrastructure/repositories/mem/mem-reader.go:312.29,313.39 1 1
netguard-pg-backend/internal/infrastructure/repositories/mem/mem-reader.go:313.39,315.4 1 0
netguard-pg-backend/internal/infrastructure/repositories/mem/mem-reader.go:317.2,317.12 1 1
netguard-pg-backend/internal/infrastructure/repositories/mem/mem-reader.go:320.109,324.48 2 0
netguard-pg-backend/internal/infrastructure/repositories/mem/mem-reader.go:324.48,326.3 1 0
netguard-pg-backend/internal/infrastructure/repositories/mem/mem-reader.go:326.8,328.3 1 0
netguard-pg-backend/internal/infrastructure/repositories/mem/mem-reader.go:330.2,330.37 1 0
netguard-pg-backend/internal/infrastructure/repositories/mem/mem-reader.go:330.37,332.3 1 0
netguard-pg-backend/internal/infrastructure/repositories/mem/mem-reader.go:334.2,334.31 1 0
netguard-pg-backend/internal/infrastructure/repositories/mem/mem-reader.go:337.81,340.2 2 1
netguard-pg-backend/internal/infrastructure/repositories/mem/mem-reader.go:342.124,346.55 2 1
netguard-pg-backend/internal/infrastructure/repositories/mem/mem-reader.go:346.55,348.3 1 0
netguard-pg-backend/internal/infrastructure/repositories/mem/mem-reader.go:348.8,350.3 1 1
netguard-pg-backend/internal/infrastructure/repositories/mem/mem-reader.go:351.2,351.38 1 1
netguard-pg-backend/internal/infrastructure/repositories/mem/mem-reader.go:351.38,352.77 1 0
netguard-pg-backend/internal/infrastructure/repositories/mem/mem-reader.go:352.77,353.39 1 0
netguard-pg-backend/internal/infrastructure/repositories/mem/mem-reader.go:353.39,355.44 1 0
netguard-pg-backend/internal/infrastructure/repositories/mem/mem-reader.go:355.44,356.36 1 0
netguard-pg-backend/internal/infrastructure/repositories/mem/mem-reader.go:356.36,357.42 1 0
netguard-pg-backend/internal/infrastructure/repositories/mem/mem-reader.go:357.42,358.45 1 0
netguard-pg-backend/internal/infrastructure/repositories/mem/mem-reader.go:358.45,360.9 1 0
netguard-pg-backend/internal/infrastructure/repositories/mem/mem-reader.go:363.6,363.16 1 0
netguard-pg-backend/internal/infrastructure/repositories/mem/mem-reader.go:367.5,367.43 1 0
netguard-pg-backend/internal/infrastructure/repositories/mem/mem-reader.go:367.43,368.43 1 0
netguard-pg-backend/internal/infrastructure/repositories/mem/mem-reader.go:368.43,370.7 1 0
netguard-pg-backend/internal/infrastructure/repositories/mem/mem-reader.go:373.4,373.14 1 0
netguard-pg-backend/internal/infrastructure/repositories/mem/mem-reader.go:376.2,376.32 1 1
netguard-pg-backend/internal/infrastructure/repositories/mem/mem-reader.go:376.32,377.40 1 1
netguard-pg-backend/internal/infrastructure/repositories/mem/mem-reader.go:377.40,379.4 1 0
netguard-pg-backend/internal/infrastructure/repositories/mem/mem-reader.go:381.2,381.12 1 1
netguard-pg-backend/internal/infrastructure/repositories/mem/mem-reader.go:384.119,388.55 2 0
netguard-pg-backend/internal/infrastructure/repositories/mem/mem-reader.go:388.55,390.3 1 0
netguard-pg-backend/internal/infrastructure/repositories/mem/mem-reader.go:390.8,392.3 1 0
netguard-pg-backend/internal/infrastructure/repositories/mem/mem-reader.go:394.2,394.40 1 0
netguard-pg-backend/internal/infrastructure/repositories/mem/mem-reader.go:394.40,396.3 1 0
netguard-pg-backend/internal/infrastructure/repositories/mem/mem-reader.go:398.2,398.31 1 0
netguard-pg-backend/internal/infrastructure/repositories/mem/mem-reader.go:401.150,405.68 2 0
netguard-pg-backend/internal/infrastructure/repositories/mem/mem-reader.go:405.68,407.3 1 0
netguard-pg-backend/internal/infrastructure/repositories/mem/mem-reader.go:407.8,409.3 1 0
netguard-pg-backend/internal/infrastructure/repositories/mem/mem-reader.go:410.2,410.38 1 0
netguard-pg-backend/internal/infrastructure/repositories/mem/mem-reader.go:410.38,411.77 1 0
netguard-pg-backend/internal/infrastructure/repositories/mem/mem-reader.go:411.77,412.39 1 0
netguard-pg-backend/internal/infrastructure/repositories/mem/mem-reader.go:412.39,413.44 1 0
netguard-pg-backend/internal/infrastructure/repositories/mem/mem-reader.go:413.44,414.38 1 0
netguard-pg-backend/internal/infrastructure/repositories/mem/mem-reader.go:414.38,415.43 1 0
netguard-pg-backend/internal/infrastructure/repositories/mem/mem-reader.go:415.43,416.46 1 0
netguard-pg-backend/internal/infrastructure/repositories/mem/mem-reader.go:416.46,418.9 1 0
netguard-pg-backend/internal/infrastructure/repositories/mem/mem-reader.go:421.6,421.16 1 0
netguard-pg-backend/internal/infrastructure/repositories/mem/mem-reader.go:424.5,424.45 1 0
netguard-pg-backend/internal/infrastructure/repositories/mem/mem-reader.go:424.45,425.44 1 0
netguard-pg-backend/internal/infrastructure/repositories/mem/mem-reader.go:425.44,427.7 1 0
netguard-pg-backend/internal/infrastructure/repositories/mem/mem-reader.go:430.4,430.14 1 0
netguard-pg-backend/internal/infrastructure/repositories/mem/mem-reader.go:433.2,433.34 1 0
netguard-pg-backend/internal/infrastructure/repositories/mem/mem-reader.go:433.34,434.41 1 0
netguard-pg-backend/internal/infrastructure/repositories/mem/mem-reader.go:434.41,436.4 1 0
netguard-pg-backend/internal/infrastructure/repositories/mem/mem-reader.go:438.2,438.12 1 0
netguard-pg-backend/internal/infrastructure/repositories/mem/mem-reader.go:441.145,445.68 2 0
netguard-pg-backend/internal/infrastructure/repositories/mem/mem-reader.go:445.68,447.3 1 0
netguard-pg-backend/internal/infrastructure/repositories/mem/mem-reader.go:447.8,449.3 1 0
netguard-pg-backend/internal/infrastructure/repositories/mem/mem-reader.go:451.2,451.42 1 0
netguard-pg-backend/internal/infrastructure/repositories/mem/mem-reader.go:451.42,453.3 1 0
netguard-pg-backend/internal/infrastructure/repositories/mem/mem-reader.go:454.2,454.31 1 0
netguard-pg-backend/internal/infrastructure/repositories/mem/mem-reader.go:457.119,460.52 2 0
netguard-pg-backend/internal/infrastructure/repositories/mem/mem-reader.go:460.52,462.3 1 0
netguard-pg-backend/internal/infrastructure/repositories/mem/mem-reader.go:462.8,464.3 1 0
netguard-pg-backend/internal/infrastructure/repositories/mem/mem-reader.go:465.2,465.38 1 0
netguard-pg-backend/internal/infrastructure/repositories/mem/mem-reader.go:465.38,466.77 1 0
netguard-pg-backend/internal/infrastructure/repositories/mem/mem-reader.go:466.77,467.39 1 0
netguard-pg-backend/internal/infrastructure/repositories/mem/mem-reader.go:467.39,469.44 1 0
netguard-pg-backend/internal/infrastructure/repositories/mem/mem-reader.go:469.44,470.33 1 0
netguard-pg-backend/internal/infrastructure/repositories/mem/mem-reader.go:470.33,471.41 1 0
netguard-pg-backend/internal/infrastructure/repositories/mem/mem-reader.go:471.41,472.44 1 0
netguard-pg-backend/internal/infrastructure/repositories/mem/mem-reader.go:472.44,474.9 1 0
netguard-pg-backend/internal/infrastructure/repositories/mem/mem-reader.go:477.6,477.16 1 0
netguard-pg-backend/internal/infrastructure/repositories/mem/mem-reader.go:480.5,480.40 1 0
netguard-pg-backend/internal/infrastructure/repositories/mem/mem-reader.go:480.40,481.42 1 0
netguard-pg-backend/internal/infrastructure/repositories/mem/mem-reader.go:481.42,483.7 1 0
netguard-pg-backend/internal/infrastructure/repositories/mem/mem-reader.go:486.4,486.14 1 0
netguard-pg-backend/internal/infrastructure/repositories/mem/mem-reader.go:489.2,489.29 1 0
netguard-pg-backend/internal/infrastructure/repositories/mem/mem-reader.go:489.29,490.39 1 0
netguard-pg-backend/internal/infrastructure/repositories/mem/mem-reader.go:490.39,492.4 1 0
netguard-pg-backend/internal/infrastructure/repositories/mem/mem-reader.go:494.2,494.12 1 0
netguard-pg-backend/internal/infrastructure/repositories/mem/mem-reader.go:497.115,502.52 2 0
netguard-pg-backend/internal/infrastructure/repositories/mem/mem-reader.go:502.52,504.3 1 0
netguard-pg-backend/internal/infrastructure/repositories/mem/mem-reader.go:504.8,506.3 1 0
netguard-pg-backend/internal/infrastructure/repositories/mem/mem-reader.go:508.2,508.37 1 0
netguard-pg-backend/internal/infrastructure/repositories/mem/mem-reader.go:508.37,510.3 1 0
netguard-pg-backend/internal/infrastructure/repositories/mem/mem-reader.go:512.2,512.31 1 0
netguard-pg-backend/internal/infrastructure/repositories/mem/mem-reader.go:515.113,518.49 2 0
netguard-pg-backend/internal/infrastructure/repositories/mem/mem-reader.go:518.49,520.3 1 0
netguard-pg-backend/internal/infrastructure/repositories/mem/mem-reader.go:520.8,522.3 1 0
netguard-pg-backend/internal/infrastructure/repositories/mem/mem-reader.go:524.2,524.38 1 0
netguard-pg-backend/internal/infrastructure/repositories/mem/mem-reader.go:524.38,525.77 1 0
netguard-pg-backend/internal/infrastructure/repositories/mem/mem-reader.go:525.77,526.39 1 0
netguard-pg-backend/internal/infrastructure/repositories/mem/mem-reader.go:526.39,528.44 1 0
netguard-pg-backend/internal/infrastructure/repositories/mem/mem-reader.go:528.44,529.39 1 0
netguard-pg-backend/internal/infrastructure/repositories/mem/mem-reader.go:529.39,530.44 1 0
netguard-pg-backend/internal/infrastructure/repositories/mem/mem-reader.go:530.44,531.47 1 0
netguard-pg-backend/internal/infrastructure/repositories/mem/mem-reader.go:531.47,533.9 1 0
netguard-pg-backend/internal/infrastructure/repositories/mem/mem-reader.go:536.6,536.16 1 0
netguard-pg-backend/internal/infrastructure/repositories/mem/mem-reader.go:540.5,540.46 1 0
netguard-pg-backend/internal/infrastructure/repositories/mem/mem-reader.go:540.46,541.45 1 0
netguard-pg-backend/internal/infrastructure/repositories/mem/mem-reader.go:541.45,543.7 1 0
netguard-pg-backend/internal/infrastructure/repositories/mem/mem-reader.go:546.4,546.14 1 0
netguard-pg-backend/internal/infrastructure/repositories/mem/mem-reader.go:549.2,549.35 1 0
netguard-pg-backend/internal/infrastructure/repositories/mem/mem-reader.go:549.35,550.42 1 0
netguard-pg-backend/internal/infrastructure/repositories/mem/mem-reader.go:550.42,552.4 1 0
netguard-pg-backend/internal/infrastructure/repositories/mem/mem-reader.go:555.2,555.12 1 0
netguard-pg-backend/internal/infrastructure/repositories/mem/mem-reader.go:558.109,563.49 2 0
netguard-pg-backend/internal/infrastructure/repositories/mem/mem-reader.go:563.49,565.3 1 0
netguard-pg-backend/internal/infrastructure/repositories/mem/mem-reader.go:565.8,567.3 1 0
netguard-pg-backend/internal/infrastructure/repositories/mem/mem-reader.go:569.2,569.43 1 0
netguard-pg-backend/internal/infrastructure/repositories/mem/mem-reader.go:569.43,571.3 1 0
netguard-pg-backend/internal/infrastructure/repositories/mem/mem-reader.go:573.2,573.31 1 0
netguard-pg-backend/internal/infrastructure/repositories/mem/mem-reader.go:577.94,582.49 2 0
netguard-pg-backend/internal/infrastructure/repositories/mem/mem-reader.go:582.49,584.3 1 0
netguard-pg-backend/internal/infrastructure/repositories/mem/mem-reader.go:584.8,586.3 1 0
netguard-pg-backend/internal/infrastructure/repositories/mem/mem-reader.go:589.2,589.35 1 0
netguard-pg-backend/internal/infrastructure/repositories/mem/mem-reader.go:589.35,590.27 1 0
netguard-pg-backend/internal/infrastructure/repositories/mem/mem-reader.go:590.27,592.4 1 0
netguard-pg-backend/internal/infrastructure/repositories/mem/mem-reader.go:595.2,595.31 1 0
netguard-pg-backend/internal/infrastructure/repositories/mem/mem-reader.go:599.106,602.49 2 0
netguard-pg-backend/internal/infrastructure/repositories/mem/mem-reader.go:602.49,604.3 1 0
netguard-pg-backend/internal/infrastructure/repositories/mem/mem-reader.go:604.8,606.3 1 0
netguard-pg-backend/internal/infrastructure/repositories/mem/mem-reader.go:608.2,609.16 2 0
netguard-pg-backend/internal/infrastructure/repositories/mem/mem-reader.go:609.16,611.3 1 0
netguard-pg-backend/internal/infrastructure/repositories/mem/mem-reader.go:613.2,616.35 2 0
netguard-pg-backend/internal/infrastructure/repositories/mem/mem-reader.go:616.35,618.17 2 0
netguard-pg-backend/internal/infrastructure/repositories/mem/mem-reader.go:618.17,619.12 1 0
netguard-pg-backend/internal/infrastructure/repositories/mem/mem-reader.go:622.3,622.41 1 0
netguard-pg-backend/internal/infrastructure/repositories/mem/mem-reader.go:622.41,625.4 2 0
netguard-pg-backend/internal/infrastructure/repositories/mem/mem-reader.go:628.2,628.25 1 0
netguard-pg-backend/internal/infrastructure/repositories/mem/mem-reader.go:631.41,632.22 1 0
netguard-pg-backend/internal/infrastructure/repositories/mem/mem-reader.go:632.22,634.3 1 0
netguard-pg-backend/internal/infrastructure/repositories/mem/mem-reader.go:636.2,636.22 1 0
netguard-pg-backend/internal/infrastructure/repositories/mem/mem-reader.go:636.22,638.3 1 0
netguard-pg-backend/internal/infrastructure/repositories/mem/mem-reader.go:640.2,641.28 2 0
netguard-pg-backend/internal/infrastructure/repositories/mem/mem-reader.go:641.28,643.3 1 0
netguard-pg-backend/internal/infrastructure/repositories/mem/mem-reader.go:645.2,646.28 2 0
netguard-pg-backend/internal/infrastructure/repositories/mem/mem-reader.go:646.28,648.3 1 0
netguard-pg-backend/internal/infrastructure/repositories/mem/mem-reader.go:650.2,650.14 1 0
netguard-pg-backend/internal/infrastructure/repositories/mem/mem-reader.go:653.39,655.15 2 0
netguard-pg-backend/internal/infrastructure/repositories/mem/mem-reader.go:655.15,657.16 2 0
netguard-pg-backend/internal/infrastructure/repositories/mem/mem-reader.go:657.16,659.4 1 0
netguard-pg-backend/internal/infrastructure/repositories/mem/mem-reader.go:662.2,663.20 2 0
netguard-pg-backend/internal/infrastructure/repositories/mem/mem-reader.go:663.20,665.3 1 0
netguard-pg-backend/internal/infrastructure/repositories/mem/mem-reader.go:666.2,666.18 1 0
netguard-pg-backend/internal/infrastructure/repositories/mem/mem-reader.go:669.127,673.56 2 0
netguard-pg-backend/internal/infrastructure/repositories/mem/mem-reader.go:673.56,675.3 1 0
netguard-pg-backend/internal/infrastructure/repositories/mem/mem-reader.go:675.8,677.3 1 0
netguard-pg-backend/internal/infrastructure/repositories/mem/mem-reader.go:679.2,679.38 1 0
netguard-pg-backend/internal/infrastructure/repositories/mem/mem-reader.go:679.38,680.77 1 0
netguard-pg-backend/internal/infrastructure/repositories/mem/mem-reader.go:680.77,681.39 1 0
netguard-pg-backend/internal/infrastructure/repositories/mem/mem-reader.go:681.39,683.44 1 0
netguard-pg-backend/internal/infrastructure/repositories/mem/mem-reader.go:683.44,684.39 1 0
netguard-pg-backend/internal/infrastructure/repositories/mem/mem-reader.go:684.39,685.44 1 0
netguard-pg-backend/internal/infrastructure/repositories/mem/mem-reader.go:685.44,686.47 1 0
netguard-pg-backend/internal/infrastructure/repositories/mem/mem-reader.go:686.47,688.9 1 0
netguard-pg-backend/internal/infrastructure/repositories/mem/mem-reader.go:691.6,691.16 1 0
netguard-pg-backend/internal/infrastructure/repositories/mem/mem-reader.go:694.5,694.46 1 0
netguard-pg-backend/internal/infrastructure/repositories/mem/mem-reader.go:694.46,695.45 1 0
netguard-pg-backend/internal/infrastructure/repositories/mem/mem-reader.go:695.45,697.7 1 0
netguard-pg-backend/internal/infrastructure/repositories/mem/mem-reader.go:700.4,700.14 1 0
netguard-pg-backend/internal/infrastructure/repositories/mem/mem-reader.go:703.2,703.35 1 0
netguard-pg-backend/internal/infrastructure/repositories/mem/mem-reader.go:703.35,704.42 1 0
netguard-pg-backend/internal/infrastructure/repositories/mem/mem-reader.go:704.42,706.4 1 0
netguard-pg-backend/internal/infrastructure/repositories/mem/mem-reader.go:708.2,708.12 1 0
netguard-pg-backend/internal/infrastructure/repositories/mem/mem-reader.go:711.123,716.56 2 0
netguard-pg-backend/internal/infrastructure/repositories/mem/mem-reader.go:716.56,718.3 1 0
netguard-pg-backend/internal/infrastructure/repositories/mem/mem-reader.go:718.8,720.3 1 0
netguard-pg-backend/internal/infrastructure/repositories/mem/mem-reader.go:722.2,722.43 1 0
netguard-pg-backend/internal/infrastructure/repositories/mem/mem-reader.go:722.43,724.3 1 0
netguard-pg-backend/internal/infrastructure/repositories/mem/mem-reader.go:726.2,726.31 1 0
netguard-pg-backend/internal/infrastructure/repositories/mem/mem-reader.go:729.107,733.46 2 0
netguard-pg-backend/internal/infrastructure/repositories/mem/mem-reader.go:733.46,735.3 1 0
netguard-pg-backend/internal/infrastructure/repositories/mem/mem-reader.go:735.8,737.3 1 0
netguard-pg-backend/internal/infrastructure/repositories/mem/mem-reader.go:739.2,739.38 1 0
netguard-pg-backend/internal/infrastructure/repositories/mem/mem-reader.go:739.38,740.77 1 0
netguard-pg-backend/internal/infrastructure/repositories/mem/mem-reader.go:740.77,741.39 1 0
netguard-pg-backend/internal/infrastructure/repositories/mem/mem-reader.go:741.39,743.44 1 0
netguard-pg-backend/internal/infrastructure/repositories/mem/mem-reader.go:743.44,744.33 1 0
netguard-pg-backend/internal/infrastructure/repositories/mem/mem-reader.go:744.33,745.41 1 0
netguard-pg-backend/internal/infrastructure/repositories/mem/mem-reader.go:745.41,746.44 1 0
netguard-pg-backend/internal/infrastructure/repositories/mem/mem-reader.go:746.44,748.9 1 0
netguard-pg-backend/internal/infrastructure/repositories/mem/mem-reader.go:751.6,751.16 1 0
netguard-pg-backend/internal/infrastructure/repositories/mem/mem-reader.go:755.5,755.40 1 0
netguard-pg-backend/internal/infrastructure/repositories/mem/mem-reader.go:755.40,756.42 1 0
netguard-pg-backend/internal/infrastructure/repositories/mem/mem-reader.go:756.42,758.7 1 0
netguard-pg-backend/internal/infrastructure/repositories/mem/mem-reader.go:761.4,761.14 1 0
netguard-pg-backend/internal/infrastructure/repositories/mem/mem-reader.go:764.2,764.29 1 0
netguard-pg-backend/internal/infrastructure/repositories/mem/mem-reader.go:764.29,765.39 1 0
netguard-pg-backend/internal/infrastructure/repositories/mem/mem-reader.go:765.39,767.4 1 0
netguard-pg-backend/internal/infrastructure/repositories/mem/mem-reader.go:769.2,769.12 1 0
netguard-pg-backend/internal/infrastructure/repositories/mem/mem-reader.go:772.103,777.46 2 0
netguard-pg-backend/internal/infrastructure/repositories/mem/mem-reader.go:777.46,779.3 1 0
netguard-pg-backend/internal/infrastructure/repositories/mem/mem-reader.go:779.8,781.3 1 0
netguard-pg-backend/internal/infrastructure/repositories/mem/mem-reader.go:783.2,783.37 1 0
netguard-pg-backend/internal/infrastructure/repositories/mem/mem-reader.go:783.37,785.3 1 0
netguard-pg-backend/internal/infrastructure/repositories/mem/mem-reader.go:787.2,787.31 1 0
netguard-pg-backend/internal/infrastructure/repositories/mem/mem-reader.go:790.121,794.53 2 0
netguard-pg-backend/internal/infrastructure/repositories/mem/mem-reader.go:794.53,796.3 1 0
netguard-pg-backend/internal/infrastructure/repositories/mem/mem-reader.go:796.8,798.3 1 0
netguard-pg-backend/internal/infrastructure/repositories/mem/mem-reader.go:800.2,800.38 1 0
netguard-pg-backend/internal/infrastructure/repositories/mem/mem-reader.go:800.38,801.77 1 0
netguard-pg-backend/internal/infrastructure/repositories/mem/mem-reader.go:801.77,802.39 1 0
netguard-pg-backend/internal/infrastructure/repositories/mem/mem-reader.go:802.39,804.44 1 0
netguard-pg-backend/internal/infrastructure/repositories/mem/mem-reader.go:804.44,805.39 1 0
netguard-pg-backend/internal/infrastructure/repositories/mem/mem-reader.go:805.39,806.44 1 0
netguard-pg-backend/internal/infrastructure/repositories/mem/mem-reader.go:806.44,807.47 1 0
netguard-pg-backend/internal/infrastructure/repositories/mem/mem-reader.go:807.47,809.9 1 0
netguard-pg-backend/internal/infrastructure/repositories/mem/mem-reader.go:812.6,812.16 1 0
netguard-pg-backend/internal/infrastructure/repositories/mem/mem-reader.go:816.5,816.46 1 0
netguard-pg-backend/internal/infrastructure/repositories/mem/mem-reader.go:816.46,817.45 1 0
netguard-pg-backend/internal/infrastructure/repositories/mem/mem-reader.go:817.45,819.7 1 0
netguard-pg-backend/internal/infrastructure/repositories/mem/mem-reader.go:822.4,822.14 1 0
netguard-pg-backend/internal/infrastructure/repositories/mem/mem-reader.go:825.2,825.35 1 0
netguard-pg-backend/internal/infrastructure/repositories/mem/mem-reader.go:825.35,826.42 1 0
netguard-pg-backend/internal/infrastructure/repositories/mem/mem-reader.go:826.42,828.4 1 0
netguard-pg-backend/internal/infrastructure/repositories/mem/mem-reader.go:830.2,830.12 1 0
netguard-pg-backend/internal/infrastructure/repositories/mem/mem-reader.go:833.117,837.53 2 0
netguard-pg-backend/internal/infrastructure/repositories/mem/mem-reader.go:837.53,839.3 1 0
netguard-pg-backend/internal/infrastructure/repositories/mem/mem-reader.go:839.8,841.3 1 0
netguard-pg-backend/internal/infrastructure/repositories/mem/mem-reader.go:843.2,843.43 1 0
netguard-pg-backend/internal/infrastructure/repositories/mem/mem-reader.go:843.43,845.3 1 0
netguard-pg-backend/internal/infrastructure/repositories/mem/mem-reader.go:847.2,847.31 1 0
netguard-pg-backend/internal/infrastructure/repositories/mem/mem-registry.go:21.30,26.2 1 1
netguard-pg-backend/internal/infrastructure/repositories/mem/mem-registry.go:29.47,31.2 1 0
netguard-pg-backend/internal/infrastructure/repositories/mem/mem-registry.go:34.70,37.14 3 1
netguard-pg-backend/internal/infrastructure/repositories/mem/mem-registry.go:37.14,39.3 1 0
netguard-pg-backend/internal/infrastructure/repositories/mem/mem-registry.go:40.2,43.8 1 1
netguard-pg-backend/internal/infrastructure/repositories/mem/mem-registry.go:47.70,50.14 3 1
netguard-pg-backend/internal/infrastructure/repositories/mem/mem-registry.go:50.14,52.3 1 0
netguard-pg-backend/internal/infrastructure/repositories/mem/mem-registry.go:53.2,56.8 1 1
netguard-pg-backend/internal/infrastructure/repositories/mem/mem-registry.go:60.96,63.14 3 0
netguard-pg-backend/internal/infrastructure/repositories/mem/mem-registry.go:63.14,65.3 1 0
netguard-pg-backend/internal/infrastructure/repositories/mem/mem-registry.go:67.2,68.9 2 0
netguard-pg-backend/internal/infrastructure/repositories/mem/mem-registry.go:68.9,70.3 1 0
netguard-pg-backend/internal/infrastructure/repositories/mem/mem-registry.go:72.2,76.8 1 0
netguard-pg-backend/internal/infrastructure/repositories/mem/mem-registry.go:81.87,85.2 1 0
netguard-pg-backend/internal/infrastructure/repositories/mem/mem-registry.go:88.34,91.14 3 1
netguard-pg-backend/internal/infrastructure/repositories/mem/mem-registry.go:91.14,93.3 1 0
netguard-pg-backend/internal/infrastructure/repositories/mem/mem-registry.go:94.2,95.12 2 1
netguard-pg-backend/internal/infrastructure/repositories/mem/mem-registry.go:103.57,108.2 4 0
netguard-pg-backend/internal/infrastructure/repositories/mem/mem-registry.go:110.59,113.32 3 0
netguard-pg-backend/internal/infrastructure/repositories/mem/mem-registry.go:113.32,114.20 1 0
netguard-pg-backend/internal/infrastructure/repositories/mem/mem-registry.go:114.20,117.4 2 0
netguard-pg-backend/internal/infrastructure/repositories/mem/mem-registry.go:119.2,119.41 1 0
netguard-pg-backend/internal/infrastructure/repositories/mem/mem-registry.go:122.45,125.32 3 0
netguard-pg-backend/internal/infrastructure/repositories/mem/mem-registry.go:125.32,126.47 1 0
netguard-pg-backend/internal/infrastructure/repositories/mem/mem-registry.go:126.47,128.4 1 0
netguard-pg-backend/internal/infrastructure/repositories/mem/mem-writer.go:29.126,34.27 2 1
netguard-pg-backend/internal/infrastructure/repositories/mem/mem-writer.go:34.27,35.43 1 1
netguard-pg-backend/internal/infrastructure/repositories/mem/mem-writer.go:35.43,37.4 1 1
netguard-pg-backend/internal/infrastructure/repositories/mem/mem-writer.go:41.2,41.23 1 1
netguard-pg-backend/internal/infrastructure/repositories/mem/mem-writer.go:41.23,44.49 2 1
netguard-pg-backend/internal/infrastructure/repositories/mem/mem-writer.go:44.49,46.4 1 1
netguard-pg-backend/internal/infrastructure/repositories/mem/mem-writer.go:50.2,50.16 1 1
netguard-pg-backend/internal/infrastructure/repositories/mem/mem-writer.go:51.29,53.39 1 1
netguard-pg-backend/internal/infrastructure/repositories/mem/mem-writer.go:53.39,55.78 1 1
netguard-pg-backend/internal/infrastructure/repositories/mem/mem-writer.go:55.78,61.40 3 1
netguard-pg-backend/internal/infrastructure/repositories/mem/mem-writer.go:61.40,63.6 1 1
netguard-pg-backend/internal/infrastructure/repositories/mem/mem-writer.go:66.5,66.34 1 1
netguard-pg-backend/internal/infrastructure/repositories/mem/mem-writer.go:66.34,69.31 2 1
netguard-pg-backend/internal/infrastructure/repositories/mem/mem-writer.go:69.31,72.7 1 1
netguard-pg-backend/internal/infrastructure/repositories/mem/mem-writer.go:76.5,77.36 2 1
netguard-pg-backend/internal/infrastructure/repositories/mem/mem-writer.go:77.36,79.6 1 1
netguard-pg-backend/internal/infrastructure/repositories/mem/mem-writer.go:80.11,83.5 0 0
netguard-pg-backend/internal/infrastructure/repositories/mem/mem-writer.go:84.9,87.4 1 1
netguard-pg-backend/internal/infrastructure/repositories/mem/mem-writer.go:90.3,90.32 1 1
netguard-pg-backend/internal/infrastructure/repositories/mem/mem-writer.go:90.32,91.49 1 1
netguard-pg-backend/internal/infrastructure/repositories/mem/mem-writer.go:91.49,92.37 1 0
netguard-pg-backend/internal/infrastructure/repositories/mem/mem-writer.go:92.37,94.6 1 0
netguard-pg-backend/internal/infrastructure/repositories/mem/mem-writer.go:95.5,95.27 1 0
netguard-pg-backend/internal/infrastructure/repositories/mem/mem-writer.go:95.27,97.6 1 0
netguard-pg-backend/internal/infrastructure/repositories/mem/mem-writer.go:99.4,100.31 2 1
netguard-pg-backend/internal/infrastructure/repositories/mem/mem-writer.go:103.27,105.32 1 1
netguard-pg-backend/internal/infrastructure/repositories/mem/mem-writer.go:105.32,106.49 1 1
netguard-pg-backend/internal/infrastructure/repositories/mem/mem-writer.go:106.49,107.37 1 1
netguard-pg-backend/internal/infrastructure/repositories/mem/mem-writer.go:107.37,109.6 1 1
netguard-pg-backend/internal/infrastructure/repositories/mem/mem-writer.go:110.5,110.27 1 1
netguard-pg-backend/internal/infrastructure/repositories/mem/mem-writer.go:110.27,112.6 1 1
netguard-pg-backend/internal/infrastructure/repositories/mem/mem-writer.go:115.4,117.31 2 1
netguard-pg-backend/internal/infrastructure/repositories/mem/mem-writer.go:120.27,122.36 1 1
netguard-pg-backend/internal/infrastructure/repositories/mem/mem-writer.go:122.36,124.4 1 1
netguard-pg-backend/internal/infrastructure/repositories/mem/mem-writer.go:127.2,127.12 1 1
netguard-pg-backend/internal/infrastructure/repositories/mem/mem-writer.go:130.141,135.27 2 1
netguard-pg-backend/internal/infrastructure/repositories/mem/mem-writer.go:135.27,136.43 1 0
netguard-pg-backend/internal/infrastructure/repositories/mem/mem-writer.go:136.43,138.4 1 0
netguard-pg-backend/internal/infrastructure/repositories/mem/mem-writer.go:142.2,142.28 1 1
netguard-pg-backend/internal/infrastructure/repositories/mem/mem-writer.go:142.28,145.54 2 1
netguard-pg-backend/internal/infrastructure/repositories/mem/mem-writer.go:145.54,147.4 1 0
netguard-pg-backend/internal/infrastructure/repositories/mem/mem-writer.go:151.2,151.16 1 1
netguard-pg-backend/internal/infrastructure/repositories/mem/mem-writer.go:152.29,154.39 1 1
netguard-pg-backend/internal/infrastructure/repositories/mem/mem-writer.go:154.39,156.78 1 0
netguard-pg-backend/internal/infrastructure/repositories/mem/mem-writer.go:156.78,162.40 3 0
netguard-pg-backend/internal/infrastructure/repositories/mem/mem-writer.go:162.40,164.6 1 0
netguard-pg-backend/internal/infrastructure/repositories/mem/mem-writer.go:167.5,167.39 1 0
netguard-pg-backend/internal/infrastructure/repositories/mem/mem-writer.go:167.39,168.22 1 0
netguard-pg-backend/internal/infrastructure/repositories/mem/mem-writer.go:168.22,170.7 1 0
netguard-pg-backend/internal/infrastructure/repositories/mem/mem-writer.go:174.5,175.41 2 0
netguard-pg-backend/internal/infrastructure/repositories/mem/mem-writer.go:175.41,177.6 1 0
netguard-pg-backend/internal/infrastructure/repositories/mem/mem-writer.go:178.11,181.5 0 0
netguard-pg-backend/internal/infrastructure/repositories/mem/mem-writer.go:182.9,185.4 1 1
netguard-pg-backend/internal/infrastructure/repositories/mem/mem-writer.go:188.3,188.46 1 1
netguard-pg-backend/internal/infrastructure/repositories/mem/mem-writer.go:188.46,190.48 2 1
netguard-pg-backend/internal/infrastructure/repositories/mem/mem-writer.go:190.48,191.46 1 0
netguard-pg-backend/internal/infrastructure/repositories/mem/mem-writer.go:191.46,193.6 1 0
netguard-pg-backend/internal/infrastructure/repositories/mem/mem-writer.go:194.5,194.36 1 0
netguard-pg-backend/internal/infrastructure/repositories/mem/mem-writer.go:194.36,196.6 1 0
netguard-pg-backend/internal/infrastructure/repositories/mem/mem-writer.go:198.4,199.39 2 1
netguard-pg-backend/internal/infrastructure/repositories/mem/mem-writer.go:202.27,204.46 1 0
netguard-pg-backend/internal/infrastructure/repositories/mem/mem-writer.go:204.46,205.63 1 0
netguard-pg-backend/internal/infrastructure/repositories/mem/mem-writer.go:205.63,206.46 1 0
netguard-pg-backend/internal/infrastructure/repositories/mem/mem-writer.go:206.46,208.6 1 0
netguard-pg-backend/internal/infrastructure/repositories/mem/mem-writer.go:209.5,209.36 1 0
netguard-pg-backend/internal/infrastructure/repositories/mem/mem-writer.go:209.36,211.6 1 0
netguard-pg-backend/internal/infrastructure/repositories/mem/mem-writer.go:213.4,214.54 2 0
netguard-pg-backend/internal/infrastructure/repositories/mem/mem-writer.go:217.27,219.46 1 0
netguard-pg-backend/internal/infrastructure/repositories/mem/mem-writer.go:219.46,221.4 1 0
netguard-pg-backend/internal/infrastructure/repositories/mem/mem-writer.go:224.2,224.12 1 1
netguard-pg-backend/internal/infrastructure/repositories/mem/mem-writer.go:227.150,232.27 2 1
netguard-pg-backend/internal/infrastructure/repositories/mem/mem-writer.go:232.27,233.43 1 0
netguard-pg-backend/internal/infrastructure/repositories/mem/mem-writer.go:233.43,235.4 1 0
netguard-pg-backend/internal/infrastructure/repositories/mem/mem-writer.go:239.2,239.35 1 1
netguard-pg-backend/internal/infrastructure/repositories/mem/mem-writer.go:239.35,242.61 2 1
netguard-pg-backend/internal/infrastructure/repositories/mem/mem-writer.go:242.61,244.4 1 0
netguard-pg-backend/internal/infrastructure/repositories/mem/mem-writer.go:248.2,248.16 1 1
netguard-pg-backend/internal/infrastructure/repositories/mem/mem-writer.go:249.29,251.39 1 1
netguard-pg-backend/internal/infrastructure/repositories/mem/mem-writer.go:251.39,253.78 1 0
netguard-pg-backend/internal/infrastructure/repositories/mem/mem-writer.go:253.78,259.40 3 0
netguard-pg-backend/internal/infrastructure/repositories/mem/mem-writer.go:259.40,261.6 1 0
netguard-pg-backend/internal/infrastructure/repositories/mem/mem-writer.go:264.5,264.46 1 0
netguard-pg-backend/internal/infrastructure/repositories/mem/mem-writer.go:264.46,265.22 1 0
netguard-pg-backend/internal/infrastructure/repositories/mem/mem-writer.go:265.22,267.7 1 0
netguard-pg-backend/internal/infrastructure/repositories/mem/mem-writer.go:271.5,272.36 2 0
netguard-pg-backend/internal/infrastructure/repositories/mem/mem-writer.go:272.36,274.6 1 0
netguard-pg-backend/internal/infrastructure/repositories/mem/mem-writer.go:275.11,278.5 0 0
netguard-pg-backend/internal/infrastructure/repositories/mem/mem-writer.go:279.9,282.4 1 1
netguard-pg-backend/internal/infrastructure/repositories/mem/mem-writer.go:285.3,285.36 1 1
netguard-pg-backend/internal/infrastructure/repositories/mem/mem-writer.go:285.36,287.55 2 1
netguard-pg-backend/internal/infrastructure/repositories/mem/mem-writer.go:287.55,288.41 1 0
netguard-pg-backend/internal/infrastructure/repositories/mem/mem-writer.go:288.41,290.6 1 0
netguard-pg-backend/internal/infrastructure/repositories/mem/mem-writer.go:291.5,291.31 1 0
netguard-pg-backend/internal/infrastructure/repositories/mem/mem-writer.go:291.31,293.6 1 0
netguard-pg-backend/internal/infrastructure/repositories/mem/mem-writer.go:295.4,296.41 2 1
netguard-pg-backend/internal/infrastructure/repositories/mem/mem-writer.go:299.27,301.36 1 0
netguard-pg-backend/internal/infrastructure/repositories/mem/mem-writer.go:301.36,303.55 2 0
netguard-pg-backend/internal/infrastructure/repositories/mem/mem-writer.go:303.55,304.41 1 0
netguard-pg-backend/internal/infrastructure/repositories/mem/mem-writer.go:304.41,306.6 1 0
netguard-pg-backend/internal/infrastructure/repositories/mem/mem-writer.go:307.5,307.31 1 0
netguard-pg-backend/internal/infrastructure/repositories/mem/mem-writer.go:307.31,309.6 1 0
netguard-pg-backend/internal/infrastructure/repositories/mem/mem-writer.go:311.4,312.41 2 0
netguard-pg-backend/internal/infrastructure/repositories/mem/mem-writer.go:315.27,317.36 1 0
netguard-pg-backend/internal/infrastructure/repositories/mem/mem-writer.go:317.36,320.4 2 0
netguard-pg-backend/internal/infrastructure/repositories/mem/mem-writer.go:323.2,323.12 1 1
netguard-pg-backend/internal/infrastructure/repositories/mem/mem-writer.go:326.158,331.27 2 1
netguard-pg-backend/internal/infrastructure/repositories/mem/mem-writer.go:331.27,332.43 1 0
netguard-pg-backend/internal/infrastructure/repositories/mem/mem-writer.go:332.43,334.4 1 0
netguard-pg-backend/internal/infrastructure/repositories/mem/mem-writer.go:338.2,338.39 1 1
netguard-pg-backend/internal/infrastructure/repositories/mem/mem-writer.go:338.39,341.65 2 1
netguard-pg-backend/internal/infrastructure/repositories/mem/mem-writer.go:341.65,343.4 1 0
netguard-pg-backend/internal/infrastructure/repositories/mem/mem-writer.go:347.2,347.16 1 1
netguard-pg-backend/internal/infrastructure/repositories/mem/mem-writer.go:348.29,350.39 1 1
netguard-pg-backend/internal/infrastructure/repositories/mem/mem-writer.go:350.39,352.78 1 0
netguard-pg-backend/internal/infrastructure/repositories/mem/mem-writer.go:352.78,358.40 3 0
netguard-pg-backend/internal/infrastructure/repositories/mem/mem-writer.go:358.40,360.6 1 0
netguard-pg-backend/internal/infrastructure/repositories/mem/mem-writer.go:363.5,363.50 1 0
netguard-pg-backend/internal/infrastructure/repositories/mem/mem-writer.go:363.50,364.22 1 0
netguard-pg-backend/internal/infrastructure/repositories/mem/mem-writer.go:364.22,366.7 1 0
netguard-pg-backend/internal/infrastructure/repositories/mem/mem-writer.go:370.5,371.36 2 0
netguard-pg-backend/internal/infrastructure/repositories/mem/mem-writer.go:371.36,373.6 1 0
netguard-pg-backend/internal/infrastructure/repositories/mem/mem-writer.go:374.11,377.5 0 0
netguard-pg-backend/internal/infrastructure/repositories/mem/mem-writer.go:378.9,381.4 1 1
netguard-pg-backend/internal/infrastructure/repositories/mem/mem-writer.go:384.3,384.36 1 1
netguard-pg-backend/internal/infrastructure/repositories/mem/mem-writer.go:384.36,386.59 2 1
netguard-pg-backend/internal/infrastructure/repositories/mem/mem-writer.go:386.59,387.41 1 0
netguard-pg-backend/internal/infrastructure/repositories/mem/mem-writer.go:387.41,389.6 1 0
netguard-pg-backend/internal/infrastructure/repositories/mem/mem-writer.go:390.5,390.31 1 0
netguard-pg-backend/internal/infrastructure/repositories/mem/mem-writer.go:390.31,392.6 1 0
netguard-pg-backend/internal/infrastructure/repositories/mem/mem-writer.go:394.4,395.45 2 1
netguard-pg-backend/internal/infrastructure/repositories/mem/mem-writer.go:398.27,400.36 1 0
netguard-pg-backend/internal/infrastructure/repositories/mem/mem-writer.go:400.36,402.59 2 0
netguard-pg-backend/internal/infrastructure/repositories/mem/mem-writer.go:402.59,403.41 1 0
netguard-pg-backend/internal/infrastructure/repositories/mem/mem-writer.go:403.41,405.6 1 0
netguard-pg-backend/internal/infrastructure/repositories/mem/mem-writer.go:406.5,406.31 1 0
netguard-pg-backend/internal/infrastructure/repositories/mem/mem-writer.go:406.31,408.6 1 0
netguard-pg-backend/internal/infrastructure/repositories/mem/mem-writer.go:410.4,411.45 2 0
netguard-pg-backend/internal/infrastructure/repositories/mem/mem-writer.go:414.27,416.36 1 0
netguard-pg-backend/internal/infrastructure/repositories/mem/mem-writer.go:416.36,418.4 1 0
netguard-pg-backend/internal/infrastructure/repositories/mem/mem-writer.go:421.2,421.12 1 1
netguard-pg-backend/internal/infrastructure/repositories/mem/mem-writer.go:424.122,429.27 2 1
netguard-pg-backend/internal/infrastructure/repositories/mem/mem-writer.go:429.27,430.43 1 0
netguard-pg-backend/internal/infrastructure/repositories/mem/mem-writer.go:430.43,432.4 1 0
netguard-pg-backend/internal/infrastructure/repositories/mem/mem-writer.go:436.2,436.22 1 1
netguard-pg-backend/internal/infrastructure/repositories/mem/mem-writer.go:436.22,439.48 2 1
netguard-pg-backend/internal/infrastructure/repositories/mem/mem-writer.go:439.48,441.4 1 0
netguard-pg-backend/internal/infrastructure/repositories/mem/mem-writer.go:445.2,445.16 1 1
netguard-pg-backend/internal/infrastructure/repositories/mem/mem-writer.go:446.29,448.39 1 1
netguard-pg-backend/internal/infrastructure/repositories/mem/mem-writer.go:448.39,450.78 1 0
netguard-pg-backend/internal/infrastructure/repositories/mem/mem-writer.go:450.78,456.40 3 0
netguard-pg-backend/internal/infrastructure/repositories/mem/mem-writer.go:456.40,458.6 1 0
netguard-pg-backend/internal/infrastructure/repositories/mem/mem-writer.go:461.5,461.33 1 0
netguard-pg-backend/internal/infrastructure/repositories/mem/mem-writer.go:461.33,462.22 1 0
netguard-pg-backend/internal/infrastructure/repositories/mem/mem-writer.go:462.22,464.7 1 0
netguard-pg-backend/internal/infrastructure/repositories/mem/mem-writer.go:468.5,469.33 2 0
netguard-pg-backend/internal/infrastructure/repositories/mem/mem-writer.go:469.33,471.6 1 0
netguard-pg-backend/internal/infrastructure/repositories/mem/mem-writer.go:472.11,475.5 0 0
netguard-pg-backend/internal/infrastructure/repositories/mem/mem-writer.go:476.9,479.4 1 1
netguard-pg-backend/internal/infrastructure/repositories/mem/mem-writer.go:482.3,482.30 1 1
netguard-pg-backend/internal/infrastructure/repositories/mem/mem-writer.go:482.30,484.42 2 1
netguard-pg-backend/internal/infrastructure/repositories/mem/mem-writer.go:484.42,485.38 1 0
netguard-pg-backend/internal/infrastructure/repositories/mem/mem-writer.go:485.38,487.6 1 0
netguard-pg-backend/internal/infrastructure/repositories/mem/mem-writer.go:488.5,488.28 1 0
netguard-pg-backend/internal/infrastructure/repositories/mem/mem-writer.go:488.28,490.6 1 0
netguard-pg-backend/internal/infrastructure/repositories/mem/mem-writer.go:492.4,493.25 2 1
netguard-pg-backend/internal/infrastructure/repositories/mem/mem-writer.go:496.27,498.30 1 0
netguard-pg-backend/internal/infrastructure/repositories/mem/mem-writer.go:498.30,500.42 2 0
netguard-pg-backend/internal/infrastructure/repositories/mem/mem-writer.go:500.42,501.38 1 0
netguard-pg-backend/internal/infrastructure/repositories/mem/mem-writer.go:501.38,503.6 1 0
netguard-pg-backend/internal/infrastructure/repositories/mem/mem-writer.go:504.5,504.28 1 0
netguard-pg-backend/internal/infrastructure/repositories/mem/mem-writer.go:504.28,506.6 1 0
netguard-pg-backend/internal/infrastructure/repositories/mem/mem-writer.go:508.4,509.25 2 0
netguard-pg-backend/internal/infrastructure/repositories/mem/mem-writer.go:512.27,514.30 1 0
netguard-pg-backend/internal/infrastructure/repositories/mem/mem-writer.go:514.30,516.4 1 0
netguard-pg-backend/internal/infrastructure/repositories/mem/mem-writer.go:519.2,519.12 1 1
netguard-pg-backend/internal/infrastructure/repositories/mem/mem-writer.go:522.136,527.27 2 1
netguard-pg-backend/internal/infrastructure/repositories/mem/mem-writer.go:527.27,528.43 1 0
netguard-pg-backend/internal/infrastructure/repositories/mem/mem-writer.go:528.43,530.4 1 0
netguard-pg-backend/internal/infrastructure/repositories/mem/mem-writer.go:534.2,534.29 1 1
netguard-pg-backend/internal/infrastructure/repositories/mem/mem-writer.go:534.29,537.55 2 1
netguard-pg-backend/internal/infrastructure/repositories/mem/mem-writer.go:537.55,539.4 1 0
netguard-pg-backend/internal/infrastructure/repositories/mem/mem-writer.go:543.2,543.16 1 1
netguard-pg-backend/internal/infrastructure/repositories/mem/mem-writer.go:544.29,546.39 1 1
netguard-pg-backend/internal/infrastructure/repositories/mem/mem-writer.go:546.39,548.78 1 0
netguard-pg-backend/internal/infrastructure/repositories/mem/mem-writer.go:548.78,554.40 3 0
netguard-pg-backend/internal/infrastructure/repositories/mem/mem-writer.go:554.40,556.6 1 0
netguard-pg-backend/internal/infrastructure/repositories/mem/mem-writer.go:559.5,559.40 1 0
netguard-pg-backend/internal/infrastructure/repositories/mem/mem-writer.go:559.40,560.22 1 0
netguard-pg-backend/internal/infrastructure/repositories/mem/mem-writer.go:560.22,562.7 1 0
netguard-pg-backend/internal/infrastructure/repositories/mem/mem-writer.go:566.5,567.35 2 0
netguard-pg-backend/internal/infrastructure/repositories/mem/mem-writer.go:567.35,569.6 1 0
netguard-pg-backend/internal/infrastructure/repositories/mem/mem-writer.go:570.11,573.5 0 0
netguard-pg-backend/internal/infrastructure/repositories/mem/mem-writer.go:574.9,577.4 1 1
netguard-pg-backend/internal/infrastructure/repositories/mem/mem-writer.go:580.3,580.33 1 1
netguard-pg-backend/internal/infrastructure/repositories/mem/mem-writer.go:580.33,581.57 1 1
netguard-pg-backend/internal/infrastructure/repositories/mem/mem-writer.go:581.57,582.39 1 0
netguard-pg-backend/internal/infrastructure/repositories/mem/mem-writer.go:582.39,584.6 1 0
netguard-pg-backend/internal/infrastructure/repositories/mem/mem-writer.go:585.5,585.29 1 0
netguard-pg-backend/internal/infrastructure/repositories/mem/mem-writer.go:585.29,587.6 1 0
netguard-pg-backend/internal/infrastructure/repositories/mem/mem-writer.go:589.4,590.41 2 1
netguard-pg-backend/internal/infrastructure/repositories/mem/mem-writer.go:593.27,595.33 1 0
netguard-pg-backend/internal/infrastructure/repositories/mem/mem-writer.go:595.33,596.57 1 0
netguard-pg-backend/internal/infrastructure/repositories/mem/mem-writer.go:596.57,597.39 1 0
netguard-pg-backend/internal/infrastructure/repositories/mem/mem-writer.go:597.39,599.6 1 0
netguard-pg-backend/internal/infrastructure/repositories/mem/mem-writer.go:600.5,600.29 1 0
netguard-pg-backend/internal/infrastructure/repositories/mem/mem-writer.go:600.29,602.6 1 0
netguard-pg-backend/internal/infrastructure/repositories/mem/mem-writer.go:604.4,605.41 2 0
netguard-pg-backend/internal/infrastructure/repositories/mem/mem-writer.go:608.27,610.33 1 0
netguard-pg-backend/internal/infrastructure/repositories/mem/mem-writer.go:610.33,612.4 1 0
netguard-pg-backend/internal/infrastructure/repositories/mem/mem-writer.go:615.2,615.12 1 1
netguard-pg-backend/internal/infrastructure/repositories/mem/mem-writer.go:618.163,623.27 2 0
netguard-pg-backend/internal/infrastructure/repositories/mem/mem-writer.go:623.27,624.43 1 0
netguard-pg-backend/internal/infrastructure/repositories/mem/mem-writer.go:624.43,626.4 1 0
netguard-pg-backend/internal/infrastructure/repositories/mem/mem-writer.go:630.2,630.42 1 0
netguard-pg-backend/internal/infrastructure/repositories/mem/mem-writer.go:630.42,633.68 2 0
netguard-pg-backend/internal/infrastructure/repositories/mem/mem-writer.go:633.68,635.4 1 0
netguard-pg-backend/internal/infrastructure/repositories/mem/mem-writer.go:639.2,639.16 1 0
netguard-pg-backend/internal/infrastructure/repositories/mem/mem-writer.go:640.29,642.39 1 0
netguard-pg-backend/internal/infrastructure/repositories/mem/mem-writer.go:642.39,644.78 1 0
netguard-pg-backend/internal/infrastructure/repositories/mem/mem-writer.go:644.78,650.40 3 0
netguard-pg-backend/internal/infrastructure/repositories/mem/mem-writer.go:650.40,652.6 1 0
netguard-pg-backend/internal/infrastructure/repositories/mem/mem-writer.go:655.5,655.53 1 0
netguard-pg-backend/internal/infrastructure/repositories/mem/mem-writer.go:655.53,656.22 1 0
netguard-pg-backend/internal/infrastructure/repositories/mem/mem-writer.go:656.22,658.7 1 0
netguard-pg-backend/internal/infrastructure/repositories/mem/mem-writer.go:662.5,663.36 2 0
netguard-pg-backend/internal/infrastructure/repositories/mem/mem-writer.go:663.36,665.6 1 0
netguard-pg-backend/internal/infrastructure/repositories/mem/mem-writer.go:666.11,669.5 0 0
netguard-pg-backend/internal/infrastructure/repositories/mem/mem-writer.go:670.9,673.4 1 0
netguard-pg-backend/internal/infrastructure/repositories/mem/mem-writer.go:676.3,676.27 1 0
netguard-pg-backend/internal/infrastructure/repositories/mem/mem-writer.go:676.27,678.24 2 0
netguard-pg-backend/internal/infrastructure/repositories/mem/mem-writer.go:678.24,680.5 1 0
netguard-pg-backend/internal/infrastructure/repositories/mem/mem-writer.go:681.4,681.36 1 0
netguard-pg-backend/internal/infrastructure/repositories/mem/mem-writer.go:681.36,683.5 1 0
netguard-pg-backend/internal/infrastructure/repositories/mem/mem-writer.go:684.4,684.30 1 0
netguard-pg-backend/internal/infrastructure/repositories/mem/mem-writer.go:684.30,686.5 1 0
netguard-pg-backend/internal/infrastructure/repositories/mem/mem-writer.go:687.4,687.46 1 0
netguard-pg-backend/internal/infrastructure/repositories/mem/mem-writer.go:690.27,692.35 1 0
netguard-pg-backend/internal/infrastructure/repositories/mem/mem-writer.go:692.35,694.4 1 0
netguard-pg-backend/internal/infrastructure/repositories/mem/mem-writer.go:696.27,698.35 1 0
netguard-pg-backend/internal/infrastructure/repositories/mem/mem-writer.go:698.35,700.4 1 0
netguard-pg-backend/internal/infrastructure/repositories/mem/mem-writer.go:703.2,703.12 1 0
netguard-pg-backend/internal/infrastructure/repositories/mem/mem-writer.go:706.33,708.23 1 1
netguard-pg-backend/internal/infrastructure/repositories/mem/mem-writer.go:708.23,709.31 1 1
netguard-pg-backend/internal/infrastructure/repositories/mem/mem-writer.go:709.32,710.4 0 1
netguard-pg-backend/internal/infrastructure/repositories/mem/mem-writer.go:711.3,711.40 1 1
netguard-pg-backend/internal/infrastructure/repositories/mem/mem-writer.go:712.9,713.3 0 1
netguard-pg-backend/internal/infrastructure/repositories/mem/mem-writer.go:715.2,715.29 1 1
netguard-pg-backend/internal/infrastructure/repositories/mem/mem-writer.go:715.29,717.3 1 1
netguard-pg-backend/internal/infrastructure/repositories/mem/mem-writer.go:718.2,718.28 1 1
netguard-pg-backend/internal/infrastructure/repositories/mem/mem-writer.go:718.28,719.36 1 1
netguard-pg-backend/internal/infrastructure/repositories/mem/mem-writer.go:719.37,720.4 0 1
netguard-pg-backend/internal/infrastructure/repositories/mem/mem-writer.go:721.3,721.50 1 1
netguard-pg-backend/internal/infrastructure/repositories/mem/mem-writer.go:723.2,723.35 1 1
netguard-pg-backend/internal/infrastructure/repositories/mem/mem-writer.go:723.35,725.3 1 1
netguard-pg-backend/internal/infrastructure/repositories/mem/mem-writer.go:725.9,726.3 0 1
netguard-pg-backend/internal/infrastructure/repositories/mem/mem-writer.go:727.2,727.39 1 1
netguard-pg-backend/internal/infrastructure/repositories/mem/mem-writer.go:727.39,729.3 1 1
netguard-pg-backend/internal/infrastructure/repositories/mem/mem-writer.go:730.2,730.42 1 1
netguard-pg-backend/internal/infrastructure/repositories/mem/mem-writer.go:730.42,732.3 1 0
netguard-pg-backend/internal/infrastructure/repositories/mem/mem-writer.go:733.2,733.22 1 1
netguard-pg-backend/internal/infrastructure/repositories/mem/mem-writer.go:733.22,735.3 1 1
netguard-pg-backend/internal/infrastructure/repositories/mem/mem-writer.go:736.2,736.26 1 1
netguard-pg-backend/internal/infrastructure/repositories/mem/mem-writer.go:736.26,738.3 1 0
netguard-pg-backend/internal/infrastructure/repositories/mem/mem-writer.go:740.2,740.23 1 1
netguard-pg-backend/internal/infrastructure/repositories/mem/mem-writer.go:740.23,741.38 1 0
netguard-pg-backend/internal/infrastructure/repositories/mem/mem-writer.go:741.38,742.33 1 0
netguard-pg-backend/internal/infrastructure/repositories/mem/mem-writer.go:742.34,743.5 0 0
netguard-pg-backend/internal/infrastructure/repositories/mem/mem-writer.go:744.4,744.38 1 0
netguard-pg-backend/internal/infrastructure/repositories/mem/mem-writer.go:744.39,745.5 0 0
netguard-pg-backend/internal/infrastructure/repositories/mem/mem-writer.go:747.3,747.40 1 0
netguard-pg-backend/internal/infrastructure/repositories/mem/mem-writer.go:750.2,750.30 1 1
netguard-pg-backend/internal/infrastructure/repositories/mem/mem-writer.go:750.30,751.38 1 0
netguard-pg-backend/internal/infrastructure/repositories/mem/mem-writer.go:751.39,752.4 0 0
netguard-pg-backend/internal/infrastructure/repositories/mem/mem-writer.go:753.3,753.54 1 0
netguard-pg-backend/internal/infrastructure/repositories/mem/mem-writer.go:756.2,756.20 1 1
netguard-pg-backend/internal/infrastructure/repositories/mem/mem-writer.go:756.20,758.3 1 0
netguard-pg-backend/internal/infrastructure/repositories/mem/mem-writer.go:760.2,760.27 1 1
netguard-pg-backend/internal/infrastructure/repositories/mem/mem-writer.go:760.27,762.3 1 0
netguard-pg-backend/internal/infrastructure/repositories/mem/mem-writer.go:764.2,768.12 2 1
netguard-pg-backend/internal/infrastructure/repositories/mem/mem-writer.go:772.120,773.23 1 0
netguard-pg-backend/internal/infrastructure/repositories/mem/mem-writer.go:773.23,776.49 2 0
netguard-pg-backend/internal/infrastructure/repositories/mem/mem-writer.go:776.49,778.4 1 0
netguard-pg-backend/internal/infrastructure/repositories/mem/mem-writer.go:781.2,781.25 1 0
netguard-pg-backend/internal/infrastructure/repositories/mem/mem-writer.go:781.25,783.3 1 0
netguard-pg-backend/internal/infrastructure/repositories/mem/mem-writer.go:785.2,785.12 1 0
netguard-pg-backend/internal/infrastructure/repositories/mem/mem-writer.go:789.125,790.28 1 0
netguard-pg-backend/internal/infrastructure/repositories/mem/mem-writer.go:790.28,793.54 2 0
netguard-pg-backend/internal/infrastructure/repositories/mem/mem-writer.go:793.54,795.4 1 0
netguard-pg-backend/internal/infrastructure/repositories/mem/mem-writer.go:798.2,798.25 1 0
netguard-pg-backend/internal/infrastructure/repositories/mem/mem-writer.go:798.25,800.3 1 0
netguard-pg-backend/internal/infrastructure/repositories/mem/mem-writer.go:802.2,802.12 1 0
netguard-pg-backend/internal/infrastructure/repositories/mem/mem-writer.go:806.132,808.35 1 0
netguard-pg-backend/internal/infrastructure/repositories/mem/mem-writer.go:808.35,812.30 3 0
netguard-pg-backend/internal/infrastructure/repositories/mem/mem-writer.go:812.30,814.4 1 0
netguard-pg-backend/internal/infrastructure/repositories/mem/mem-writer.go:817.2,817.25 1 0
netguard-pg-backend/internal/infrastructure/repositories/mem/mem-writer.go:817.25,819.55 2 0
netguard-pg-backend/internal/infrastructure/repositories/mem/mem-writer.go:819.55,821.4 1 0
netguard-pg-backend/internal/infrastructure/repositories/mem/mem-writer.go:821.10,822.4 0 0
netguard-pg-backend/internal/infrastructure/repositories/mem/mem-writer.go:825.2,825.12 1 0
netguard-pg-backend/internal/infrastructure/repositories/mem/mem-writer.go:829.136,830.39 1 0
netguard-pg-backend/internal/infrastructure/repositories/mem/mem-writer.go:830.39,833.65 2 0
netguard-pg-backend/internal/infrastructure/repositories/mem/mem-writer.go:833.65,835.4 1 0
netguard-pg-backend/internal/infrastructure/repositories/mem/mem-writer.go:838.2,838.25 1 0
netguard-pg-backend/internal/infrastructure/repositories/mem/mem-writer.go:838.25,840.3 1 0
netguard-pg-backend/internal/infrastructure/repositories/mem/mem-writer.go:842.2,842.12 1 0
netguard-pg-backend/internal/infrastructure/repositories/mem/mem-writer.go:846.119,847.22 1 0
netguard-pg-backend/internal/infrastructure/repositories/mem/mem-writer.go:847.22,850.48 2 0
netguard-pg-backend/internal/infrastructure/repositories/mem/mem-writer.go:850.48,852.4 1 0
netguard-pg-backend/internal/infrastructure/repositories/mem/mem-writer.go:855.2,855.25 1 0
netguard-pg-backend/internal/infrastructure/repositories/mem/mem-writer.go:855.25,857.3 1 0
netguard-pg-backend/internal/infrastructure/repositories/mem/mem-writer.go:859.2,859.12 1 0
netguard-pg-backend/internal/infrastructure/repositories/mem/mem-writer.go:863.126,864.29 1 0
netguard-pg-backend/internal/infrastructure/repositories/mem/mem-writer.go:864.29,867.55 2 0
netguard-pg-backend/internal/infrastructure/repositories/mem/mem-writer.go:867.55,869.4 1 0
netguard-pg-backend/internal/infrastructure/repositories/mem/mem-writer.go:872.2,872.25 1 0
netguard-pg-backend/internal/infrastructure/repositories/mem/mem-writer.go:872.25,874.3 1 0
netguard-pg-backend/internal/infrastructure/repositories/mem/mem-writer.go:876.2,876.12 1 0
netguard-pg-backend/internal/infrastructure/repositories/mem/mem-writer.go:880.139,881.42 1 0
netguard-pg-backend/internal/infrastructure/repositories/mem/mem-writer.go:881.42,884.68 2 0
netguard-pg-backend/internal/infrastructure/repositories/mem/mem-writer.go:884.68,886.4 1 0
netguard-pg-backend/internal/infrastructure/repositories/mem/mem-writer.go:889.2,889.25 1 0
netguard-pg-backend/internal/infrastructure/repositories/mem/mem-writer.go:889.25,891.3 1 0
netguard-pg-backend/internal/infrastructure/repositories/mem/mem-writer.go:893.2,893.12 1 0
netguard-pg-backend/internal/infrastructure/repositories/mem/mem-writer.go:897.129,902.27 2 0
netguard-pg-backend/internal/infrastructure/repositories/mem/mem-writer.go:902.27,903.43 1 0
netguard-pg-backend/internal/infrastructure/repositories/mem/mem-writer.go:903.43,905.4 1 0
netguard-pg-backend/internal/infrastructure/repositories/mem/mem-writer.go:909.2,909.26 1 0
netguard-pg-backend/internal/infrastructure/repositories/mem/mem-writer.go:909.26,912.52 2 0
netguard-pg-backend/internal/infrastructure/repositories/mem/mem-writer.go:912.52,914.4 1 0
netguard-pg-backend/internal/infrastructure/repositories/mem/mem-writer.go:918.2,918.16 1 0
netguard-pg-backend/internal/infrastructure/repositories/mem/mem-writer.go:919.29,921.39 1 0
netguard-pg-backend/internal/infrastructure/repositories/mem/mem-writer.go:921.39,923.78 1 0
netguard-pg-backend/internal/infrastructure/repositories/mem/mem-writer.go:923.78,929.40 3 0
netguard-pg-backend/internal/infrastructure/repositories/mem/mem-writer.go:929.40,931.6 1 0
netguard-pg-backend/internal/infrastructure/repositories/mem/mem-writer.go:934.5,934.37 1 0
netguard-pg-backend/internal/infrastructure/repositories/mem/mem-writer.go:934.37,935.22 1 0
netguard-pg-backend/internal/infrastructure/repositories/mem/mem-writer.go:935.22,937.7 1 0
netguard-pg-backend/internal/infrastructure/repositories/mem/mem-writer.go:941.5,942.33 2 0
netguard-pg-backend/internal/infrastructure/repositories/mem/mem-writer.go:942.33,944.6 1 0
netguard-pg-backend/internal/infrastructure/repositories/mem/mem-writer.go:945.11,948.5 0 0
netguard-pg-backend/internal/infrastructure/repositories/mem/mem-writer.go:949.9,952.4 1 0
netguard-pg-backend/internal/infrastructure/repositories/mem/mem-writer.go:955.3,955.30 1 0
netguard-pg-backend/internal/infrastructure/repositories/mem/mem-writer.go:955.30,957.46 2 0
netguard-pg-backend/internal/infrastructure/repositories/mem/mem-writer.go:957.46,958.38 1 0
netguard-pg-backend/internal/infrastructure/repositories/mem/mem-writer.go:958.38,960.6 1 0
netguard-pg-backend/internal/infrastructure/repositories/mem/mem-writer.go:961.5,961.28 1 0
netguard-pg-backend/internal/infrastructure/repositories/mem/mem-writer.go:961.28,963.6 1 0
netguard-pg-backend/internal/infrastructure/repositories/mem/mem-writer.go:965.4,966.29 2 0
netguard-pg-backend/internal/infrastructure/repositories/mem/mem-writer.go:969.27,971.30 1 0
netguard-pg-backend/internal/infrastructure/repositories/mem/mem-writer.go:971.30,973.46 2 0
netguard-pg-backend/internal/infrastructure/repositories/mem/mem-writer.go:973.46,974.38 1 0
netguard-pg-backend/internal/infrastructure/repositories/mem/mem-writer.go:974.38,976.6 1 0
netguard-pg-backend/internal/infrastructure/repositories/mem/mem-writer.go:977.5,977.28 1 0
netguard-pg-backend/internal/infrastructure/repositories/mem/mem-writer.go:977.28,979.6 1 0
netguard-pg-backend/internal/infrastructure/repositories/mem/mem-writer.go:981.4,982.29 2 0
netguard-pg-backend/internal/infrastructure/repositories/mem/mem-writer.go:985.27,987.30 1 0
netguard-pg-backend/internal/infrastructure/repositories/mem/mem-writer.go:987.30,989.4 1 0
netguard-pg-backend/internal/infrastructure/repositories/mem/mem-writer.go:992.2,992.12 1 0
netguard-pg-backend/internal/infrastructure/repositories/mem/mem-writer.go:996.123,998.26 1 0
netguard-pg-backend/internal/infrastructure/repositories/mem/mem-writer.go:998.26,1001.52 2 0
netguard-pg-backend/internal/infrastructure/repositories/mem/mem-writer.go:1001.52,1003.4 1 0
netguard-pg-backend/internal/infrastructure/repositories/mem/mem-writer.go:1007.2,1007.25 1 0
netguard-pg-backend/internal/infrastructure/repositories/mem/mem-writer.go:1007.25,1009.3 1 0
netguard-pg-backend/internal/infrastructure/repositories/mem/mem-writer.go:1011.2,1011.12 1 0
netguard-pg-backend/internal/infrastructure/repositories/mem/mem-writer.go:1014.126,1019.27 2 0
netguard-pg-backend/internal/infrastructure/repositories/mem/mem-writer.go:1019.27,1020.43 1 0
netguard-pg-backend/internal/infrastructure/repositories/mem/mem-writer.go:1020.43,1022.4 1 0
netguard-pg-backend/internal/infrastructure/repositories/mem/mem-writer.go:1026.2,1026.23 1 0
netguard-pg-backend/internal/infrastructure/repositories/mem/mem-writer.go:1026.23,1029.49 2 0
netguard-pg-backend/internal/infrastructure/repositories/mem/mem-writer.go:1029.49,1031.4 1 0
netguard-pg-backend/internal/infrastructure/repositories/mem/mem-writer.go:1035.2,1035.16 1 0
netguard-pg-backend/internal/infrastructure/repositories/mem/mem-writer.go:1036.29,1038.39 1 0
netguard-pg-backend/internal/infrastructure/repositories/mem/mem-writer.go:1038.39,1040.78 1 0
netguard-pg-backend/internal/infrastructure/repositories/mem/mem-writer.go:1040.78,1046.40 3 0
netguard-pg-backend/internal/infrastructure/repositories/mem/mem-writer.go:1046.40,1048.6 1 0
netguard-pg-backend/internal/infrastructure/repositories/mem/mem-writer.go:1051.5,1051.34 1 0
netguard-pg-backend/internal/infrastructure/repositories/mem/mem-writer.go:1051.34,1054.31 2 0
netguard-pg-backend/internal/infrastructure/repositories/mem/mem-writer.go:1054.31,1057.7 1 0
netguard-pg-backend/internal/infrastructure/repositories/mem/mem-writer.go:1061.5,1062.36 2 0
netguard-pg-backend/internal/infrastructure/repositories/mem/mem-writer.go:1062.36,1064.6 1 0
netguard-pg-backend/internal/infrastructure/repositories/mem/mem-writer.go:1066.9,1069.4 1 0
netguard-pg-backend/internal/infrastructure/repositories/mem/mem-writer.go:1072.3,1072.36 1 0
netguard-pg-backend/internal/infrastructure/repositories/mem/mem-writer.go:1072.36,1073.53 1 0
netguard-pg-backend/internal/infrastructure/repositories/mem/mem-writer.go:1073.53,1074.41 1 0
netguard-pg-backend/internal/infrastructure/repositories/mem/mem-writer.go:1074.41,1076.6 1 0
netguard-pg-backend/internal/infrastructure/repositories/mem/mem-writer.go:1077.5,1077.31 1 0
netguard-pg-backend/internal/infrastructure/repositories/mem/mem-writer.go:1077.31,1079.6 1 0
netguard-pg-backend/internal/infrastructure/repositories/mem/mem-writer.go:1081.4,1082.39 2 0
netguard-pg-backend/internal/infrastructure/repositories/mem/mem-writer.go:1085.27,1087.36 1 0
netguard-pg-backend/internal/infrastructure/repositories/mem/mem-writer.go:1087.36,1088.53 1 0
netguard-pg-backend/internal/infrastructure/repositories/mem/mem-writer.go:1088.53,1089.41 1 0
netguard-pg-backend/internal/infrastructure/repositories/mem/mem-writer.go:1089.41,1091.6 1 0
netguard-pg-backend/internal/infrastructure/repositories/mem/mem-writer.go:1092.5,1092.31 1 0
netguard-pg-backend/internal/infrastructure/repositories/mem/mem-writer.go:1092.31,1094.6 1 0
netguard-pg-backend/internal/infrastructure/repositories/mem/mem-writer.go:1096.4,1097.39 2 0
netguard-pg-backend/internal/infrastructure/repositories/mem/mem-writer.go:1100.27,1102.36 1 0
netguard-pg-backend/internal/infrastructure/repositories/mem/mem-writer.go:1102.36,1104.4 1 0
netguard-pg-backend/internal/infrastructure/repositories/mem/mem-writer.go:1107.2,1107.12 1 0
netguard-pg-backend/internal/infrastructure/repositories/mem/mem-writer.go:1110.140,1115.27 2 0
netguard-pg-backend/internal/infrastructure/repositories/mem/mem-writer.go:1115.27,1116.43 1 0
netguard-pg-backend/internal/infrastructure/repositories/mem/mem-writer.go:1116.43,1118.4 1 0
netguard-pg-backend/internal/infrastructure/repositories/mem/mem-writer.go:1122.2,1122.30 1 0
netguard-pg-backend/internal/infrastructure/repositories/mem/mem-writer.go:1122.30,1125.56 2 0
netguard-pg-backend/internal/infrastructure/repositories/mem/mem-writer.go:1125.56,1127.4 1 0
netguard-pg-backend/internal/infrastructure/repositories/mem/mem-writer.go:1131.2,1131.16 1 0
netguard-pg-backend/internal/infrastructure/repositories/mem/mem-writer.go:1132.29,1134.39 1 0
netguard-pg-backend/internal/infrastructure/repositories/mem/mem-writer.go:1134.39,1136.78 1 0
netguard-pg-backend/internal/infrastructure/repositories/mem/mem-writer.go:1136.78,1142.40 3 0
netguard-pg-backend/internal/infrastructure/repositories/mem/mem-writer.go:1142.40,1144.6 1 0
netguard-pg-backend/internal/infrastructure/repositories/mem/mem-writer.go:1147.5,1147.41 1 0
netguard-pg-backend/internal/infrastructure/repositories/mem/mem-writer.go:1147.41,1150.31 2 0
netguard-pg-backend/internal/infrastructure/repositories/mem/mem-writer.go:1150.31,1153.7 1 0
netguard-pg-backend/internal/infrastructure/repositories/mem/mem-writer.go:1157.5,1158.36 2 0
netguard-pg-backend/internal/infrastructure/repositories/mem/mem-writer.go:1158.36,1160.6 1 0
netguard-pg-backend/internal/infrastructure/repositories/mem/mem-writer.go:1162.9,1165.4 1 0
netguard-pg-backend/internal/infrastructure/repositories/mem/mem-writer.go:1168.3,1168.36 1 0
netguard-pg-backend/internal/infrastructure/repositories/mem/mem-writer.go:1168.36,1169.60 1 0
netguard-pg-backend/internal/infrastructure/repositories/mem/mem-writer.go:1169.60,1170.41 1 0
netguard-pg-backend/internal/infrastructure/repositories/mem/mem-writer.go:1170.41,1172.6 1 0
netguard-pg-backend/internal/infrastructure/repositories/mem/mem-writer.go:1173.5,1173.31 1 0
netguard-pg-backend/internal/infrastructure/repositories/mem/mem-writer.go:1173.31,1175.6 1 0
netguard-pg-backend/internal/infrastructure/repositories/mem/mem-writer.go:1177.4,1178.46 2 0
netguard-pg-backend/internal/infrastructure/repositories/mem/mem-writer.go:1181.27,1183.36 1 0
netguard-pg-backend/internal/infrastructure/repositories/mem/mem-writer.go:1183.36,1184.60 1 0
netguard-pg-backend/internal/infrastructure/repositories/mem/mem-writer.go:1184.60,1185.41 1 0
netguard-pg-backend/internal/infrastructure/repositories/mem/mem-writer.go:1185.41,1187.6 1 0
netguard-pg-backend/internal/infrastructure/repositories/mem/mem-writer.go:1188.5,1188.31 1 0
netguard-pg-backend/internal/infrastructure/repositories/mem/mem-writer.go:1188.31,1190.6 1 0
netguard-pg-backend/internal/infrastructure/repositories/mem/mem-writer.go:1192.4,1193.46 2 0
netguard-pg-backend/internal/infrastructure/repositories/mem/mem-writer.go:1196.27,1198.36 1 0
netguard-pg-backend/internal/infrastructure/repositories/mem/mem-writer.go:1198.36,1200.4 1 0
netguard-pg-backend/internal/infrastructure/repositories/mem/mem-writer.go:1203.2,1203.12 1 0
netguard-pg-backend/internal/infrastructure/repositories/mem/mem-writer.go:1206.120,1208.23 1 0
netguard-pg-backend/internal/infrastructure/repositories/mem/mem-writer.go:1208.23,1211.49 2 0
netguard-pg-backend/internal/infrastructure/repositories/mem/mem-writer.go:1211.49,1213.4 1 0
netguard-pg-backend/internal/infrastructure/repositories/mem/mem-writer.go:1217.2,1217.25 1 0
netguard-pg-backend/internal/infrastructure/repositories/mem/mem-writer.go:1217.25,1219.3 1 0
netguard-pg-backend/internal/infrastructure/repositories/mem/mem-writer.go:1221.2,1221.12 1 0
netguard-pg-backend/internal/infrastructure/repositories/mem/mem-writer.go:1224.127,1226.30 1 0
netguard-pg-backend/internal/infrastructure/repositories/mem/mem-writer.go:1226.30,1229.56 2 0
netguard-pg-backend/internal/infrastructure/repositories/mem/mem-writer.go:1229.56,1231.4 1 0
netguard-pg-backend/internal/infrastructure/repositories/mem/mem-writer.go:1235.2,1235.25 1 0
netguard-pg-backend/internal/infrastructure/repositories/mem/mem-writer.go:1235.25,1237.3 1 0
netguard-pg-backend/internal/infrastructure/repositories/mem/mem-writer.go:1239.2,1239.12 1 0
netguard-pg-backend/internal/infrastructure/repositories/mem/mem-writer.go:1242.117,1247.27 2 0
netguard-pg-backend/internal/infrastructure/repositories/mem/mem-writer.go:1247.27,1248.43 1 0
netguard-pg-backend/internal/infrastructure/repositories/mem/mem-writer.go:1248.43,1250.4 1 0
netguard-pg-backend/internal/infrastructure/repositories/mem/mem-writer.go:1254.2,1254.20 1 0
netguard-pg-backend/internal/infrastructure/repositories/mem/mem-writer.go:1254.20,1257.46 2 0
netguard-pg-backend/internal/infrastructure/repositories/mem/mem-writer.go:1257.46,1259.4 1 0
netguard-pg-backend/internal/infrastructure/repositories/mem/mem-writer.go:1263.2,1263.16 1 0
netguard-pg-backend/internal/infrastructure/repositories/mem/mem-writer.go:1264.29,1266.39 1 0
netguard-pg-backend/internal/infrastructure/repositories/mem/mem-writer.go:1266.39,1268.78 1 0
netguard-pg-backend/internal/infrastructure/repositories/mem/mem-writer.go:1268.78,1274.40 3 0
netguard-pg-backend/internal/infrastructure/repositories/mem/mem-writer.go:1274.40,1276.6 1 0
netguard-pg-backend/internal/infrastructure/repositories/mem/mem-writer.go:1279.5,1279.31 1 0
netguard-pg-backend/internal/infrastructure/repositories/mem/mem-writer.go:1279.31,1282.28 2 0
netguard-pg-backend/internal/infrastructure/repositories/mem/mem-writer.go:1282.28,1285.7 1 0
netguard-pg-backend/internal/infrastructure/repositories/mem/mem-writer.go:1289.5,1290.33 2 0
netguard-pg-backend/internal/infrastructure/repositories/mem/mem-writer.go:1290.33,1292.6 1 0
netguard-pg-backend/internal/infrastructure/repositories/mem/mem-writer.go:1294.9,1297.4 1 0
netguard-pg-backend/internal/infrastructure/repositories/mem/mem-writer.go:1300.3,1300.30 1 0
netguard-pg-backend/internal/infrastructure/repositories/mem/mem-writer.go:1300.30,1301.47 1 0
netguard-pg-backend/internal/infrastructure/repositories/mem/mem-writer.go:1301.47,1302.38 1 0
netguard-pg-backend/internal/infrastructure/repositories/mem/mem-writer.go:1302.38,1304.6 1 0
netguard-pg-backend/internal/infrastructure/repositories/mem/mem-writer.go:1305.5,1305.28 1 0
netguard-pg-backend/internal/infrastructure/repositories/mem/mem-writer.go:1305.28,1307.6 1 0
netguard-pg-backend/internal/infrastructure/repositories/mem/mem-writer.go:1309.4,1310.30 2 0
netguard-pg-backend/internal/infrastructure/repositories/mem/mem-writer.go:1313.27,1315.30 1 0
netguard-pg-backend/internal/infrastructure/repositories/mem/mem-writer.go:1315.30,1316.47 1 0
netguard-pg-backend/internal/infrastructure/repositories/mem/mem-writer.go:1316.47,1317.38 1 0
netguard-pg-backend/internal/infrastructure/repositories/mem/mem-writer.go:1317.38,1319.6 1 0
netguard-pg-backend/internal/infrastructure/repositories/mem/mem-writer.go:1320.5,1320.28 1 0
netguard-pg-backend/internal/infrastructure/repositories/mem/mem-writer.go:1320.28,1322.6 1 0
netguard-pg-backend/internal/infrastructure/repositories/mem/mem-writer.go:1324.4,1325.30 2 0
netguard-pg-backend/internal/infrastructure/repositories/mem/mem-writer.go:1328.27,1330.30 1 0
netguard-pg-backend/internal/infrastructure/repositories/mem/mem-writer.go:1330.30,1332.4 1 0
netguard-pg-backend/internal/infrastructure/repositories/mem/mem-writer.go:1335.2,1335.12 1 0
netguard-pg-backend/internal/infrastructure/repositories/mem/mem-writer.go:1338.138,1343.27 2 0
netguard-pg-backend/internal/infrastructure/repositories/mem/mem-writer.go:1343.27,1344.43 1 0
netguard-pg-backend/internal/infrastructure/repositories/mem/mem-writer.go:1344.43,1346.4 1 0
netguard-pg-backend/internal/infrastructure/repositories/mem/mem-writer.go:1350.2,1350.27 1 0
netguard-pg-backend/internal/infrastructure/repositories/mem/mem-writer.go:1350.27,1353.53 2 0
netguard-pg-backend/internal/infrastructure/repositories/mem/mem-writer.go:1353.53,1355.4 1 0
netguard-pg-backend/internal/infrastructure/repositories/mem/mem-writer.go:1359.2,1359.16 1 0
netguard-pg-backend/internal/infrastructure/repositories/mem/mem-writer.go:1360.29,1362.39 1 0
netguard-pg-backend/internal/infrastructure/repositories/mem/mem-writer.go:1362.39,1364.78 1 0
netguard-pg-backend/internal/infrastructure/repositories/mem/mem-writer.go:1364.78,1370.40 3 0
netguard-pg-backend/internal/infrastructure/repositories/mem/mem-writer.go:1370.40,1372.6 1 0
netguard-pg-backend/internal/infrastructure/repositories/mem/mem-writer.go:1375.5,1375.38 1 0
netguard-pg-backend/internal/infrastructure/repositories/mem/mem-writer.go:1375.38,1378.31 2 0
netguard-pg-backend/internal/infrastructure/repositories/mem/mem-writer.go:1378.31,1381.7 1 0
netguard-pg-backend/internal/infrastructure/repositories/mem/mem-writer.go:1385.5,1386.40 2 0
netguard-pg-backend/internal/infrastructure/repositories/mem/mem-writer.go:1386.40,1388.6 1 0
netguard-pg-backend/internal/infrastructure/repositories/mem/mem-writer.go:1390.9,1393.4 1 0
netguard-pg-backend/internal/infrastructure/repositories/mem/mem-writer.go:1396.3,1396.44 1 0
netguard-pg-backend/internal/infrastructure/repositories/mem/mem-writer.go:1396.44,1397.61 1 0
netguard-pg-backend/internal/infrastructure/repositories/mem/mem-writer.go:1397.61,1398.45 1 0
netguard-pg-backend/internal/infrastructure/repositories/mem/mem-writer.go:1398.45,1400.6 1 0
netguard-pg-backend/internal/infrastructure/repositories/mem/mem-writer.go:1401.5,1401.35 1 0
netguard-pg-backend/internal/infrastructure/repositories/mem/mem-writer.go:1401.35,1403.6 1 0
netguard-pg-backend/internal/infrastructure/repositories/mem/mem-writer.go:1405.4,1406.51 2 0
netguard-pg-backend/internal/infrastructure/repositories/mem/mem-writer.go:1409.27,1411.44 1 0
netguard-pg-backend/internal/infrastructure/repositories/mem/mem-writer.go:1411.44,1412.61 1 0
netguard-pg-backend/internal/infrastructure/repositories/mem/mem-writer.go:1412.61,1413.45 1 0
netguard-pg-backend/internal/infrastructure/repositories/mem/mem-writer.go:1413.45,1415.6 1 0
netguard-pg-backend/internal/infrastructure/repositories/mem/mem-writer.go:1416.5,1416.35 1 0
netguard-pg-backend/internal/infrastructure/repositories/mem/mem-writer.go:1416.35,1418.6 1 0
netguard-pg-backend/internal/infrastructure/repositories/mem/mem-writer.go:1420.4,1421.51 2 0
netguard-pg-backend/internal/infrastructure/repositories/mem/mem-writer.go:1424.27,1426.44 1 0
netguard-pg-backend/internal/infrastructure/repositories/mem/mem-writer.go:1426.44,1428.4 1 0
netguard-pg-backend/internal/infrastructure/repositories/mem/mem-writer.go:1431.2,1431.12 1 0
netguard-pg-backend/internal/infrastructure/repositories/mem/mem-writer.go:1434.117,1436.20 1 0
netguard-pg-backend/internal/infrastructure/repositories/mem/mem-writer.go:1436.20,1439.46 2 0
netguard-pg-backend/internal/infrastructure/repositories/mem/mem-writer.go:1439.46,1441.4 1 0
netguard-pg-backend/internal/infrastructure/repositories/mem/mem-writer.go:1445.2,1445.25 1 0
netguard-pg-backend/internal/infrastructure/repositories/mem/mem-writer.go:1445.25,1447.3 1 0
netguard-pg-backend/internal/infrastructure/repositories/mem/mem-writer.go:1449.2,1449.12 1 0
netguard-pg-backend/internal/infrastructure/repositories/mem/mem-writer.go:1452.124,1454.27 1 0
netguard-pg-backend/internal/infrastructure/repositories/mem/mem-writer.go:1454.27,1457.53 2 0
netguard-pg-backend/internal/infrastructure/repositories/mem/mem-writer.go:1457.53,1459.4 1 0
netguard-pg-backend/internal/infrastructure/repositories/mem/mem-writer.go:1463.2,1463.25 1 0
netguard-pg-backend/internal/infrastructure/repositories/mem/mem-writer.go:1463.25,1465.3 1 0
netguard-pg-backend/internal/infrastructure/repositories/mem/mem-writer.go:1467.2,1467.12 1 0
netguard-pg-backend/internal/infrastructure/repositories/mem/mem-writer.go:1470.26,1483.2 12 1
netguard-pg-backend/internal/infrastructure/repositories/mem/meta_utils.go:11.37,12.14 1 1
netguard-pg-backend/internal/infrastructure/repositories/mem/meta_utils.go:12.14,14.3 1 0
netguard-pg-backend/internal/infrastructure/repositories/mem/meta_utils.go:15.2,15.17 1 1
netguard-pg-backend/internal/infrastructure/repositories/mem/meta_utils.go:15.17,17.3 1 1
netguard-pg-backend/internal/infrastructure/repositories/mem/meta_utils.go:18.2,18.29 1 1
netguard-pg-backend/internal/infrastructure/repositories/mem/meta_utils.go:18.29,20.3 1 1
netguard-pg-backend/internal/infrastructure/repositories/mem/meta_utils.go:21.2,21.23 1 1
netguard-pg-backend/internal/infrastructure/repositories/mem/meta_utils.go:21.23,23.3 1 1
netguard-pg-backend/internal/infrastructure/repositories/db.go:39.36,41.2 1 0
netguard-pg-backend/internal/infrastructure/repositories/outbox_repository.go:35.71,37.2 1 0
netguard-pg-backend/internal/infrastructure/repositories/outbox_repository.go:41.92,73.26 2 0
netguard-pg-backend/internal/infrastructure/repositories/outbox_repository.go:73.26,75.3 1 0
netguard-pg-backend/internal/infrastructure/repositories/outbox_repository.go:78.2,79.30 2 0
netguard-pg-backend/internal/infrastructure/repositories/outbox_repository.go:79.30,81.3 1 0
netguard-pg-backend/internal/infrastructure/repositories/outbox_repository.go:82.2,82.30 1 0
netguard-pg-backend/internal/infrastructure/repositories/outbox_repository.go:82.30,84.3 1 0
netguard-pg-backend/internal/infrastructure/repositories/outbox_repository.go:87.2,95.16 2 0
netguard-pg-backend/internal/infrastructure/repositories/outbox_repository.go:95.16,97.3 1 0
netguard-pg-backend/internal/infrastructure/repositories/outbox_repository.go:99.2,99.12 1 0
netguard-pg-backend/internal/infrastructure/repositories/outbox_repository.go:103.104,124.26 4 0
netguard-pg-backend/internal/infrastructure/repositories/outbox_repository.go:124.26,126.3 1 0
netguard-pg-backend/internal/infrastructure/repositories/outbox_repository.go:127.2,127.16 1 0
netguard-pg-backend/internal/infrastructure/repositories/outbox_repository.go:127.16,129.3 1 0
netguard-pg-backend/internal/infrastructure/repositories/outbox_repository.go:131.2,131.19 1 0
netguard-pg-backend/internal/infrastructure/repositories/outbox_repository.go:135.141,149.16 3 0
netguard-pg-backend/internal/infrastructure/repositories/outbox_repository.go:149.16,151.3 1 0
netguard-pg-backend/internal/infrastructure/repositories/outbox_repository.go:152.2,155.18 3 0
netguard-pg-backend/internal/infrastructure/repositories/outbox_repository.go:155.18,164.17 3 0
netguard-pg-backend/internal/infrastructure/repositories/outbox_repository.go:164.17,166.4 1 0
netguard-pg-backend/internal/infrastructure/repositories/outbox_repository.go:167.3,167.35 1 0
netguard-pg-backend/internal/infrastructure/repositories/outbox_repository.go:170.2,170.23 1 0
netguard-pg-backend/internal/infrastructure/repositories/outbox_repository.go:170.23,172.3 1 0
netguard-pg-backend/internal/infrastructure/repositories/outbox_repository.go:174.2,174.21 1 0
netguard-pg-backend/internal/infrastructure/repositories/outbox_repository.go:179.106,196.16 3 0
netguard-pg-backend/internal/infrastructure/repositories/outbox_repository.go:196.16,198.3 1 0
netguard-pg-backend/internal/infrastructure/repositories/outbox_repository.go:199.2,202.18 3 0
netguard-pg-backend/internal/infrastructure/repositories/outbox_repository.go:202.18,211.17 3 0
netguard-pg-backend/internal/infrastructure/repositories/outbox_repository.go:211.17,213.4 1 0
netguard-pg-backend/internal/infrastructure/repositories/outbox_repository.go:214.3,214.35 1 0
netguard-pg-backend/internal/infrastructure/repositories/outbox_repository.go:217.2,217.23 1 0
netguard-pg-backend/internal/infrastructure/repositories/outbox_repository.go:217.23,219.3 1 0
netguard-pg-backend/internal/infrastructure/repositories/outbox_repository.go:221.2,221.21 1 0
netguard-pg-backend/internal/infrastructure/repositories/outbox_repository.go:226.78,236.16 4 0
netguard-pg-backend/internal/infrastructure/repositories/outbox_repository.go:236.16,238.3 1 0
netguard-pg-backend/internal/infrastructure/repositories/outbox_repository.go:240.2,240.19 1 0
netguard-pg-backend/internal/infrastructure/repositories/outbox_repository.go:251.9,264.16 3 0
netguard-pg-backend/internal/infrastructure/repositories/outbox_repository.go:264.16,266.3 1 0
netguard-pg-backend/internal/infrastructure/repositories/outbox_repository.go:268.2,268.32 1 0
netguard-pg-backend/internal/infrastructure/repositories/outbox_repository.go:268.32,270.3 1 0
netguard-pg-backend/internal/infrastructure/repositories/outbox_repository.go:272.2,272.12 1 0
netguard-pg-backend/internal/infrastructure/repositories/outbox_repository.go:276.114,287.16 3 0
netguard-pg-backend/internal/infrastructure/repositories/outbox_repository.go:287.16,289.3 1 0
netguard-pg-backend/internal/infrastructure/repositories/outbox_repository.go:291.2,291.32 1 0
netguard-pg-backend/internal/infrastructure/repositories/outbox_repository.go:291.32,293.3 1 0
netguard-pg-backend/internal/infrastructure/repositories/outbox_repository.go:295.2,295.12 1 0
netguard-pg-backend/internal/infrastructure/repositories/outbox_repository.go:299.79,303.16 3 0
netguard-pg-backend/internal/infrastructure/repositories/outbox_repository.go:303.16,305.3 1 0
netguard-pg-backend/internal/infrastructure/repositories/outbox_repository.go:307.2,307.32 1 0
netguard-pg-backend/internal/infrastructure/repositories/outbox_repository.go:307.32,309.3 1 0
netguard-pg-backend/internal/infrastructure/repositories/outbox_repository.go:311.2,311.12 1 0
netguard-pg-backend/internal/infrastructure/repositories/outbox_repository.go:315.112,325.16 4 0
netguard-pg-backend/internal/infrastructure/repositories/outbox_repository.go:325.16,327.3 1 0
netguard-pg-backend/internal/infrastructure/repositories/outbox_repository.go:329.2,329.35 1 0
